{"sparsity/dead_features":0,"metrics/explained_variance":0.7135903835296631,"token_stats":{"total_tokens_eval_sparsity_variance":5120,"total_tokens_eval_reconstruction":5120},"metrics/mean_log10_feature_sparsity":-2.3740644454956055,"details/n_training_tokens":1843200,"_wandb":{"runtime":131},"losses/l0_loss":8190.849609375,"_runtime":131.452240948,"sparsity/below_1e-5":0,"metrics/explained_variance_std":0.207169771194458,"_step":3599,"losses/mse_loss":0.3992559313774109,"shrinkage":{"relative_reconstruction_bias":0.03968582674860954,"l2_norm_in":44.511688232421875,"l2_norm_out":1.409342646598816,"l2_ratio":0.02922709286212921},"details/current_learning_rate":9.519829679504207e-06,"sparsity/below_1e-6":0,"sparsity/mean_passes_since_fired":4.0654296875,"details/current_l1_coefficient":5,"sparsity":{"l1":1341.6981201171875,"l0":1734.289306640625},"_timestamp":1.7430365090878828e+09,"plots/feature_density_line_chart":{"_type":"histogram","values":[2,8,8,25,54,93,158,226,354,372,418,462,493,583,535,648,608,612,598,531,422,340,273,198,149,111,175,144,211,460,662,500,135,580,1958,826,243,130,91,79,53,60,70,64,49,61,52,40,41,34,42,39,40,44,29,38,26,31,44,49,55,60,91,797],"bins":[-4.086020469665527,-4.022261619567871,-3.9585022926330566,-3.8947432041168213,-3.830984115600586,-3.7672250270843506,-3.7034659385681152,-3.63970685005188,-3.5759477615356445,-3.5121889114379883,-3.448429822921753,-3.3846707344055176,-3.3209116458892822,-3.257152557373047,-3.1933934688568115,-3.129634380340576,-3.065875291824341,-3.0021162033081055,-2.93835711479187,-2.8745980262756348,-2.8108389377593994,-2.747079849243164,-2.6833207607269287,-2.6195616722106934,-2.555802583694458,-2.4920434951782227,-2.4282846450805664,-2.364525556564331,-2.3007664680480957,-2.2370073795318604,-2.173248291015625,-2.1094892024993896,-2.0457301139831543,-1.981971025466919,-1.9182119369506836,-1.8544528484344482,-1.790693759918213,-1.7269346714019775,-1.6631755828857422,-1.5994166135787964,-1.535657525062561,-1.4718984365463257,-1.4081393480300903,-1.344380259513855,-1.2806211709976196,-1.2168620824813843,-1.153102993965149,-1.0893439054489136,-1.0255849361419678,-0.9618257880210876,-0.8980667591094971,-0.8343076705932617,-0.7705485820770264,-0.706789493560791,-0.6430304646492004,-0.5792713761329651,-0.5155122876167297,-0.4517532289028168,-0.3879941403865814,-0.32423505187034607,-0.2604759931564331,-0.19671691954135895,-0.1329578459262848,-0.06919876486063004,-0.005439692176878452]},"model_performance_preservation":{"ce_loss_with_ablation":8.002524375915527,"ce_loss_with_sae":2.3878023624420166,"ce_loss_without_sae":2.189148187637329,"ce_loss_score":0.9658280888126174},"reconstruction_quality":{"cossim":0.8186870813369751,"explained_variance":0.04654797166585922,"mse":20.1781063079834},"metrics/l0":1638.169921875,"losses/overall_loss":8191.2490234375}