{"sparsity":{"l1":20493.875,"l0":16317.853515625},"metrics/mean_log10_feature_sparsity":0,"reconstruction_quality":{"explained_variance":0.057237304747104645,"mse":19.076980590820312,"cossim":0.9684129953384399},"_step":7999,"losses/mse_loss":2.3524482250213623,"sparsity/below_1e-5":0,"sparsity/below_1e-6":0,"losses/overall_loss":2.3524482250213623,"metrics/explained_variance_std":0.07058057188987732,"_timestamp":1.7428816531334708e+09,"metrics/l0":16332.455078125,"_runtime":3925.613422578,"sparsity/dead_features":0,"details/current_l1_coefficient":5,"sparsity/mean_passes_since_fired":0,"_wandb":{"runtime":3925},"details/current_learning_rate":1.0000000000000013e-07,"metrics/explained_variance":0.9326680898666382,"token_stats":{"total_tokens_eval_reconstruction":5120,"total_tokens_eval_sparsity_variance":5120},"plots/feature_density_line_chart":{"bins":[-0.5,-0.484375,-0.46875,-0.453125,-0.4375,-0.421875,-0.40625,-0.390625,-0.375,-0.359375,-0.34375,-0.328125,-0.3125,-0.296875,-0.28125,-0.265625,-0.25,-0.234375,-0.21875,-0.203125,-0.1875,-0.171875,-0.15625,-0.140625,-0.125,-0.109375,-0.09375,-0.078125,-0.0625,-0.046875,-0.03125,-0.015625,0,0.015625,0.03125,0.046875,0.0625,0.078125,0.09375,0.109375,0.125,0.140625,0.15625,0.171875,0.1875,0.203125,0.21875,0.234375,0.25,0.265625,0.28125,0.296875,0.3125,0.328125,0.34375,0.359375,0.375,0.390625,0.40625,0.421875,0.4375,0.453125,0.46875,0.484375,0.5],"_type":"histogram","values":[0,0,0,0,0,0,0,0,0,0,0,0,0,0,0,0,0,0,0,0,0,0,0,0,0,0,0,0,0,0,0,0,16384,0,0,0,0,0,0,0,0,0,0,0,0,0,0,0,0,0,0,0,0,0,0,0,0,0,0,0,0,0,0,0]},"model_performance_preservation":{"ce_loss_without_sae":2.4126815795898438,"ce_loss_score":1.00014001138754,"ce_loss_with_ablation":8.44247817993164,"ce_loss_with_sae":2.411837339401245},"details/n_training_tokens":4085760,"shrinkage":{"l2_norm_in":43.86182403564453,"l2_norm_out":1.6773560047149658,"l2_ratio":0.037810832262039185,"relative_reconstruction_bias":0.03984290733933449}}