{"details/n_training_tokens":1075200,"reconstruction_quality":{"cossim":0.38351669907569885,"explained_variance":-0.053481388837099075,"mse":16.073339462280273},"details/current_l1_coefficient":5,"sparsity/dead_features":633,"_wandb":{"runtime":113},"metrics/explained_variance_std":0.1534331887960434,"shrinkage":{"l2_ratio":0.000963296857662499,"relative_reconstruction_bias":0.03867369517683983,"l2_norm_in":40.23621368408203,"l2_norm_out":0.3617648780345917},"sparsity/below_1e-5":10960,"model_performance_preservation":{"ce_loss_without_sae":2.256603717803955,"ce_loss_score":0.5419004308397565,"ce_loss_with_ablation":7.762081623077393,"ce_loss_with_sae":4.778660774230957},"losses/l1_loss":0.5760364532470703,"weights/b_gate":{"_type":"histogram","values":[19,67,188,466,659,1132,1940,1832,1494,1225,1318,1679,1371,783,398,223,116,29,16,0,1,0,0,1,0,4,1,3,1,1,5,3,7,9,14,17,22,43,39,48,56,53,42,48,49,57,58,73,91,82,92,87,96,71,73,75,38,27,16,11,7,6,0,2],"bins":[-0.0015418073162436485,-0.001500601414591074,-0.0014593955129384995,-0.001418189611285925,-0.0013769837096333504,-0.0013357778079807758,-0.0012945719063282013,-0.0012533660046756268,-0.0012121601030230522,-0.0011709542013704777,-0.0011297482997179031,-0.0010885423980653286,-0.001047336496412754,-0.0010061305947601795,-0.000964924693107605,-0.0009237187914550304,-0.0008825128898024559,-0.0008413070463575423,-0.0008001011447049677,-0.0007588952430523932,-0.0007176893413998187,-0.0006764834397472441,-0.0006352775380946696,-0.000594071636442095,-0.0005528657347895205,-0.000511659833136946,-0.0004704539314843714,-0.0004292480298317969,-0.00038804212817922235,-0.0003468362265266478,-0.00030563032487407327,-0.00026442442322149873,-0.0002232185215689242,-0.00018201261991634965,-0.0001408067182637751,-9.960082388715819e-05,-5.8394922234583646e-05,-1.718902240099851e-05,2.4016877432586625e-05,6.522277544718236e-05,0.0001064286770997569,0.00014763457875233144,0.00018884048040490597,0.00023004638205748051,0.0002712522691581398,0.00031245817081071436,0.0003536640724632889,0.00039486997411586344,0.000436075875768438,0.0004772817774210125,0.0005184876499697566,0.0005596935516223311,0.0006008994532749057,0.0006421053549274802,0.0006833112565800548,0.0007245171582326293,0.0007657230598852038,0.0008069289615377784,0.0008481348631903529,0.0008893407648429275,0.000930546666495502,0.0009717525681480765,0.001012958469800651,0.0010541643714532256,0.0010953702731058002]},"sparsity":{"l1":360.92303466796875,"l0":30.485157012939453},"_runtime":113.508133661,"weights/b_mag":{"values":[8075,6438,436,0,0,0,0,0,0,0,0,0,0,0,0,0,0,0,0,0,0,0,0,0,0,0,0,0,0,0,0,0,0,0,0,0,0,0,0,1,1,0,3,12,27,45,64,119,173,202,175,179,121,106,79,38,40,23,14,3,5,3,1,1],"bins":[-0.0006969841779209673,-0.0005775151657871902,-0.00045804609544575214,-0.000338577083311975,-0.0002191080420743674,-9.96390008367598e-05,1.9830031305900775e-05,0.00013929906708654016,0.00025876809377223253,0.00037823713500984013,0.0004977061762474477,0.0006171751883812249,0.0007366442587226629,0.0008561132708564401,0.0009755822829902172,0.0010950512951239944,0.0012145204236730933,0.0013339894358068705,0.0014534584479406476,0.0015729274600744247,0.0016923964722082019,0.0018118656007573009,0.001931334612891078,0.0020508035086095333,0.0021702726371586323,0.0022897417657077312,0.0024092106614261866,0.0025286797899752855,0.002648148685693741,0.00276761781424284,0.0028870869427919388,0.003006555838510394,0.003126024967059493,0.0032454938627779484,0.0033649629913270473,0.0034844321198761463,0.0036039010155946016,0.0037233701441437006,0.003842839039862156,0.003962308168411255,0.004081777296960354,0.004201246425509453,0.0043207150883972645,0.0044401842169463634,0.004559653345495462,0.004679122474044561,0.00479859160259366,0.004918060265481472,0.005037529394030571,0.00515699852257967,0.005276467651128769,0.005395936779677868,0.0055154054425656796,0.0056348745711147785,0.0057543436996638775,0.0058738128282129765,0.005993281956762075,0.006112750619649887,0.006232219748198986,0.006351688876748085,0.006471158005297184,0.006590627133846283,0.006710095796734095,0.006829564925283194,0.0069490340538322926],"_type":"histogram"},"sparsity/mean_passes_since_fired":489.02728271484375,"losses/overall_loss":5.6761674880981445,"token_stats":{"total_tokens_eval_reconstruction":5120,"total_tokens_eval_sparsity_variance":5120},"metrics/l0":24.896484375,"losses/auxiliary_reconstruction_loss":1.7298662662506104,"sparsity/below_1e-6":83,"details/current_learning_rate":8.53361230400169e-06,"_timestamp":1.7430389246032794e+09,"plots/feature_density_line_chart":{"values":[83,0,0,0,0,0,0,0,0,0,0,0,0,0,0,0,0,0,0,0,0,0,0,0,0,0,0,0,0,0,0,0,0,802,0,0,2267,3287,2774,1747,1298,809,1063,751,68,0,0,0,0,0,0,0,0,0,0,0,0,0,0,0,0,0,9,1426],"bins":[-10,-9.873355865478516,-9.746710777282715,-9.62006664276123,-9.493422508239746,-9.366777420043945,-9.240133285522461,-9.113489151000977,-8.986844062805176,-8.860199928283691,-8.733555793762207,-8.606910705566406,-8.480266571044922,-8.353622436523438,-8.226978302001953,-8.100333213806152,-7.973689079284668,-7.847044467926025,-7.720400333404541,-7.593755722045898,-7.467111110687256,-7.3404669761657715,-7.213822364807129,-7.087177753448486,-6.960533618927002,-6.833889007568359,-6.707244396209717,-6.580600261688232,-6.45395565032959,-6.3273115158081055,-6.200666904449463,-6.07402229309082,-5.947378158569336,-5.820733547210693,-5.694088935852051,-5.567444801330566,-5.440800189971924,-5.314155578613281,-5.187511444091797,-5.060866832733154,-4.93422269821167,-4.807578086853027,-4.680933475494385,-4.5542893409729,-4.427644729614258,-4.301000118255615,-4.174355983734131,-4.047711372375488,-3.921066999435425,-3.7944226264953613,-3.6677780151367188,-3.5411336421966553,-3.414489269256592,-3.2878448963165283,-3.1612002849578857,-3.0345559120178223,-2.907911539077759,-2.781266927719116,-2.6546225547790527,-2.5279781818389893,-2.401333808898926,-2.274689197540283,-2.1480448246002197,-2.0214004516601562,-1.8947559595108032],"_type":"histogram"},"losses/mse_loss":1.0661191940307617,"metrics/mean_log10_feature_sparsity":-4.841982841491699,"metrics/explained_variance":0.23693829774856567,"losses/raw_l1_loss":2.8801822662353516,"_step":2099}