{"losses/l0_loss":37106.7578125,"sparsity/below_1e-6":1780,"losses/mse_loss":0.00018077791901305318,"sparsity/mean_passes_since_fired":23611.234375,"reconstruction_quality":{"explained_variance":0.05647537112236023,"mse":28.97596549987793,"cossim":0.9997566342353821},"sparsity/below_1e-5":1992,"shrinkage":{"l2_ratio":0.03303157165646553,"relative_reconstruction_bias":0.033113252371549606,"l2_norm_in":53.148231506347656,"l2_norm_out":1.7572956085205078},"_wandb":{"runtime":11127},"metrics/mean_log10_feature_sparsity":-2.010190725326538,"metrics/l0":7421.3515625,"_timestamp":1.7430632131560032e+09,"details/current_l1_coefficient":5,"sparsity/dead_features":1780,"losses/overall_loss":37106.7578125,"metrics/explained_variance_std":0.00012094998237444088,"token_stats":{"total_tokens_eval_sparsity_variance":5120,"total_tokens_eval_reconstruction":5120},"details/n_training_tokens":122880000,"plots/feature_density_line_chart":{"_type":"histogram","values":[1780,0,0,0,0,0,0,0,0,0,0,0,0,0,0,0,0,0,0,0,0,0,0,0,0,0,0,0,0,133,12,67,36,40,62,46,54,56,72,85,83,82,78,70,68,91,63,51,94,86,300,2799,633,603,579,265,85,28,18,43,100,194,389,7139],"bins":[-10,-9.843751907348633,-9.68750286102295,-9.531254768371582,-9.375005722045898,-9.218757629394531,-9.062509536743164,-8.90626049041748,-8.750012397766113,-8.59376335144043,-8.437515258789062,-8.281267166137695,-8.125018119812012,-7.9687700271606445,-7.812521457672119,-7.656272888183594,-7.500024318695068,-7.343775749206543,-7.187527656555176,-7.03127908706665,-6.875030517578125,-6.7187819480896,-6.562533378601074,-6.406285285949707,-6.250036716461182,-6.093788146972656,-5.937539577484131,-5.7812910079956055,-5.625042915344238,-5.468794345855713,-5.3125457763671875,-5.156297206878662,-5.000048637390137,-4.843800067901611,-4.687551975250244,-4.531303405761719,-4.375054836273193,-4.218806266784668,-4.062557697296143,-3.9063093662261963,-3.75006103515625,-3.5938124656677246,-3.4375641345977783,-3.281315565109253,-3.1250669956207275,-2.9688186645507812,-2.812570095062256,-2.6563215255737305,-2.500073194503784,-2.343824625015259,-2.1875762939453125,-2.031327724456787,-1.8750792741775513,-1.7188308238983154,-1.56258225440979,-1.4063338041305542,-1.2500853538513184,-1.0938369035720825,-0.9375883936882019,-0.7813399434089661,-0.6250914335250854,-0.4688429832458496,-0.3125945031642914,-0.15634602308273315,-9.75492803263478e-05]},"sparsity":{"l1":7886.0673828125,"l0":7714.30712890625},"_runtime":11127.699760462,"details/current_learning_rate":3.787710885677743e-23,"_step":239999,"model_performance_preservation":{"ce_loss_with_ablation":8.05724811553955,"ce_loss_with_sae":2.024907350540161,"ce_loss_without_sae":2.02486515045166,"ce_loss_score":0.9999930044082505},"metrics/explained_variance":0.9998395442962646}