{"details/current_learning_rate":1.0000000000000013e-07,"shrinkage":{"l2_norm_in":47.10000228881836,"l2_norm_out":1.5439198017120361,"l2_ratio":0.031246310099959373,"relative_reconstruction_bias":0.037545133382081985},"metrics/l0":3001.63671875,"losses/overall_loss":15008.4853515625,"sparsity/mean_passes_since_fired":13.521240234375,"reconstruction_quality":{"cossim":0.8938280344009399,"explained_variance":0.05570920184254646,"mse":22.8675537109375},"metrics/explained_variance_std":0.1777876317501068,"model_performance_preservation":{"ce_loss_score":0.9810166062425019,"ce_loss_with_ablation":8.337739944458008,"ce_loss_with_sae":2.216578960418701,"ce_loss_without_sae":2.098129987716675},"metrics/mean_log10_feature_sparsity":-2.36834716796875,"_step":7999,"metrics/explained_variance":0.7790862321853638,"plots/feature_density_line_chart":{"bins":[-10,-9.84375,-9.6875,-9.53125,-9.375,-9.21875,-9.0625,-8.90625,-8.75,-8.59375,-8.4375,-8.28125,-8.125,-7.96875,-7.8125,-7.65625,-7.5,-7.34375,-7.1875,-7.03125,-6.875,-6.71875,-6.5625,-6.40625,-6.25,-6.09375,-5.9375,-5.78125,-5.625,-5.46875,-5.3125,-5.15625,-5,-4.84375,-4.6875,-4.53125,-4.375,-4.21875,-4.0625,-3.90625,-3.75,-3.59375,-3.4375,-3.28125,-3.125,-2.96875,-2.8125,-2.65625,-2.5,-2.34375,-2.1875,-2.03125,-1.875,-1.71875,-1.5625,-1.40625,-1.25,-1.09375,-0.9375,-0.78125,-0.625,-0.46875,-0.3125,-0.15625,0],"_type":"histogram","values":[1,0,0,0,0,0,0,0,0,0,0,0,0,0,0,0,0,0,0,0,0,0,0,0,0,0,0,0,0,3,2,20,36,105,291,540,889,1054,878,761,729,640,439,258,174,145,132,124,153,173,492,2488,1093,352,252,259,216,213,173,171,152,146,164,2666]},"sparsity/below_1e-6":1,"details/current_l1_coefficient":5,"_runtime":294.890503273,"details/n_training_tokens":4085760,"_wandb":{"runtime":294},"sparsity":{"l0":3202.514404296875,"l1":2499.738037109375},"token_stats":{"total_tokens_eval_sparsity_variance":5120,"total_tokens_eval_reconstruction":5120},"losses/mse_loss":0.30191388726234436,"sparsity/below_1e-5":26,"sparsity/dead_features":1,"losses/l0_loss":15008.18359375,"_timestamp":1.7430349787392025e+09}