{"metrics/explained_variance_std":0.19400250911712646,"_runtime":1777.897478471,"losses/mse_loss":9.487143516540527,"losses/raw_l1_loss":239.3038787841797,"metrics/l0":148.533203125,"_timestamp":1.7428837880781431e+09,"weights/b_gate":{"values":[3,0,6,7,10,6,14,11,12,8,15,16,16,14,18,21,26,23,33,42,34,21,40,34,41,67,58,56,57,54,72,66,85,60,58,80,103,90,96,79,68,88,97,115,114,115,126,113,120,158,160,176,200,214,219,297,7006,2688,384,359,1041,813,124,37],"bins":[-0.02268105186522007,-0.02230428159236908,-0.02192750945687294,-0.02155073918402195,-0.02117396891117096,-0.02079719677567482,-0.02042042650282383,-0.02004365622997284,-0.0196668840944767,-0.01929011382162571,-0.01891334354877472,-0.01853657141327858,-0.01815980114042759,-0.0177830308675766,-0.01740625873208046,-0.01702948845922947,-0.01665271818637848,-0.01627594605088234,-0.01589917577803135,-0.015522404573857784,-0.015145634301006794,-0.014768863096833229,-0.014392092823982239,-0.014015321619808674,-0.013638550415635109,-0.013261780142784119,-0.012885008938610554,-0.012508237734436989,-0.012131467461585999,-0.011754696257412434,-0.011377925053238869,-0.011001154780387878,-0.010624383576214314,-0.010247612372040749,-0.009870842099189758,-0.009494070895016193,-0.009117299690842628,-0.008740529417991638,-0.008363758213818073,-0.007986987009644508,-0.007610216271132231,-0.007233445532619953,-0.0068566747941076756,-0.006479903589934111,-0.006103132851421833,-0.0057263621129095554,-0.0053495909087359905,-0.004972820170223713,-0.004596049431711435,-0.00421927822753787,-0.003842507489025593,-0.003465736750513315,-0.003088965779170394,-0.0027121948078274727,-0.002335424069315195,-0.001958653097972274,-0.0015818822430446744,-0.001205111388117075,-0.0008283404749818146,-0.00045156959095038474,-7.479871419491246e-05,0.00030197217711247504,0.0006787430611439049,0.0010555139742791653,0.0014322848292067647],"_type":"histogram"},"plots/feature_density_line_chart":{"bins":[-10,-9.855561256408691,-9.7111234664917,-9.56668472290039,-9.422245979309082,-9.27780818939209,-9.133369445800781,-8.988930702209473,-8.84449291229248,-8.700054168701172,-8.555615425109863,-8.411177635192871,-8.266738891601562,-8.122300148010254,-7.9778618812561035,-7.833423614501953,-7.6889848709106445,-7.544546604156494,-7.400108337402344,-7.255669593811035,-7.111231327056885,-6.966793060302734,-6.822354316711426,-6.677916049957275,-6.533477783203125,-6.389039039611816,-6.244600772857666,-6.100162506103516,-5.955723762512207,-5.811285495758057,-5.666847229003906,-5.522408485412598,-5.377970218658447,-5.233531951904297,-5.089093208312988,-4.944654941558838,-4.8002166748046875,-4.655777931213379,-4.5113396644592285,-4.366901397705078,-4.2224626541137695,-4.078024387359619,-3.9335858821868896,-3.78914737701416,-3.6447091102600098,-3.5002706050872803,-3.355832099914551,-3.2113938331604004,-3.066955327987671,-2.9225168228149414,-2.778078556060791,-2.6336400508880615,-2.489201545715332,-2.3447632789611816,-2.200324773788452,-2.0558862686157227,-1.9114478826522827,-1.7670094966888428,-1.6225709915161133,-1.4781326055526733,-1.3336942195892334,-1.189255714416504,-1.044817328453064,-0.9003788828849792,-0.7559404373168945],"_type":"histogram","values":[4189,0,0,0,0,0,0,0,0,0,0,0,0,0,0,0,0,0,0,0,0,0,0,0,0,0,0,0,0,2283,0,813,0,519,131,210,61,37,38,37,30,55,68,64,62,103,79,99,105,108,117,153,189,404,849,532,2863,958,473,375,262,85,21,12]},"sparsity/below_1e-5":7935,"token_stats":{"total_tokens_eval_reconstruction":5120,"total_tokens_eval_sparsity_variance":5120},"sparsity/mean_passes_since_fired":703.4510498046875,"details/n_training_tokens":4085760,"details/current_l1_coefficient":5,"_step":7999,"shrinkage":{"l2_ratio":0.029003355652093887,"relative_reconstruction_bias":0.039398372173309326,"l2_norm_in":44.10810089111328,"l2_norm_out":1.3830139636993408},"metrics/explained_variance":0.7388198375701904,"weights/b_mag":{"bins":[-0.0011947903549298644,-0.0005256544100120664,0.0001434815494576469,0.0008126174798235297,0.0014817534247413278,0.0021508894860744476,0.0028200254309922457,0.0034891613759100437,0.004158297087997198,0.00482743326574564,0.005496568977832794,0.006165705155581236,0.00683484086766839,0.007503977045416832,0.008173112757503986,0.00884224846959114,0.00951138511300087,0.010180520825088024,0.010849656537175179,0.011518792249262333,0.012187928892672062,0.012857064604759216,0.01352620031684637,0.0141953369602561,0.014864472672343254,0.015533608384430408,0.016202744096517563,0.016871880739927292,0.01754101552069187,0.0182101521641016,0.01887928880751133,0.01954842358827591,0.02021756023168564,0.020886696875095367,0.021555831655859947,0.022224968299269676,0.022894103080034256,0.023563239723443985,0.024232376366853714,0.024901511147618294,0.025570647791028023,0.026239784434437752,0.02690891921520233,0.02757805585861206,0.02824719063937664,0.02891632728278637,0.0295854639261961,0.030254598706960678,0.030923735350370407,0.031592871993780136,0.032262008637189865,0.032931141555309296,0.033600278198719025,0.034269414842128754,0.03493855148553848,0.03560768812894821,0.03627682104706764,0.03694595769047737,0.0376150943338871,0.03828423097729683,0.03895336762070656,0.03962250426411629,0.04029163718223572,0.04096077382564545,0.041629910469055176],"_type":"histogram","values":[8900,647,244,1021,301,170,114,106,127,75,67,76,55,62,63,67,47,75,94,137,132,99,84,120,117,117,115,122,88,84,56,51,51,48,66,75,66,68,64,91,91,82,104,92,111,129,140,130,150,149,171,181,133,124,130,88,92,59,27,21,9,5,3,1]},"losses/l1_loss":47.860775756835935,"model_performance_preservation":{"ce_loss_with_ablation":8.44247817993164,"ce_loss_with_sae":2.5264317989349365,"ce_loss_without_sae":2.4126815795898438,"ce_loss_score":0.9811353140272352},"sparsity/below_1e-6":4189,"losses/overall_loss":615.3270263671875,"reconstruction_quality":{"cossim":0.8399354815483093,"explained_variance":0.03420373424887657,"mse":19.35309410095215},"metrics/mean_log10_feature_sparsity":-4.928849220275879,"losses/auxiliary_reconstruction_loss":366.5360107421875,"sparsity":{"l1":703.1443481445312,"l0":135.4861297607422},"details/current_learning_rate":1.0000000000000013e-07,"_wandb":{"runtime":1777},"sparsity/dead_features":4301}