{"_step":7999,"shrinkage":{"l2_norm_out":0.828125,"l2_ratio":0.017720583826303482,"relative_reconstruction_bias":0.031213415786623955,"l2_norm_in":43.64094161987305},"sparsity/below_1e-5":0,"model_performance_preservation":{"ce_loss_with_sae":2.253650665283203,"ce_loss_without_sae":1.7751680612564087,"ce_loss_score":0.9139203298484369,"ce_loss_with_ablation":7.333769798278809},"token_stats":{"total_tokens_eval_reconstruction":20480,"total_tokens_eval_sparsity_variance":20480},"details/n_training_tokens":4085760,"losses/auxiliary_reconstruction_loss":968,"weights/b_mag":{"bins":[-0.0001583099365234375,-9.694695472717285e-05,-3.55839729309082e-05,2.5779008865356445e-05,8.71419906616211e-05,0.00014850497245788574,0.0002098679542541504,0.00027123093605041504,0.0003325939178466797,0.00039395689964294434,0.000455319881439209,0.0005166828632354736,0.0005780458450317383,0.0006394088268280029,0.0007007718086242676,0.0007621347904205322,0.0008234977722167969,0.0008848607540130615,0.0009462237358093262,0.0010075867176055908,0.0010689496994018555,0.0011303126811981201,0.0011916756629943848,0.0012530386447906494,0.001314401626586914,0.0013757646083831787,0.0014371275901794434,0.001498490571975708,0.0015598535537719727,0.0016212165355682373,0.001682579517364502,0.0017439424991607666,0.0018053054809570312,0.001866668462753296,0.0019280314445495605,0.001989394426345825,0.00205075740814209,0.0021121203899383545,0.002173483371734619,0.002234846353530884,0.0022962093353271484,0.002357572317123413,0.0024189352989196777,0.0024802982807159424,0.002541661262512207,0.0026030242443084717,0.0026643872261047363,0.002725750207901001,0.0027871131896972656,0.0028484761714935303,0.002909839153289795,0.0029712021350860596,0.0030325651168823242,0.003093928098678589,0.0031552910804748535,0.003216654062271118,0.003278017044067383,0.0033393800258636475,0.003400743007659912,0.0034621059894561768,0.0035234689712524414,0.003584831953048706,0.0036461949348449707,0.0037075579166412354,0.0037689208984375],"_type":"histogram","values":[14114,0,0,1,99,74,613,82,47,29,652,52,46,30,26,14,10,12,331,19,12,8,2,4,5,8,5,3,3,4,6,4,3,4,46,1,4,1,1,1,3,0,0,1,0,0,0,1,0,1,0,0,0,0,1,0,0,0,0,0,0,0,0,1]},"losses/raw_l1_loss":186,"weights/W_dec_norms":{"values":[472,2435,1187,264,128,71,23,13,5,4,13,18,58,461,818,1535,2320,2682,335,128,116,102,88,121,115,123,138,145,144,139,137,131,132,127,111,141,129,109,106,93,90,101,100,87,96,78,62,54,46,39,45,28,30,25,24,22,15,10,8,3,0,0,3,1],"bins":[0.010920349508523941,0.015274780802428722,0.019629212096333504,0.02398364432156086,0.028338076546788216,0.03269250690937042,0.03704693913459778,0.041401371359825134,0.04575580358505249,0.050110235810279846,0.0544646680355072,0.05881909653544426,0.06317353248596191,0.06752796471118927,0.07188239693641663,0.07623682171106339,0.08059125393629074,0.0849456861615181,0.08930011838674545,0.09365455061197281,0.09800898283720016,0.10236341506242752,0.10671784728765488,0.11107227951288223,0.11542671173810959,0.11978114396333694,0.1241355761885643,0.12849000096321106,0.13284443318843842,0.13719886541366577,0.14155329763889313,0.14590772986412048,0.15026216208934784,0.1546165943145752,0.15897102653980255,0.1633254587650299,0.16767989099025726,0.17203432321548462,0.17638875544071198,0.18074318766593933,0.1850976198911667,0.18945205211639404,0.1938064843416214,0.19816091656684875,0.2025153487920761,0.20686978101730347,0.21122421324253082,0.21557864546775818,0.21993307769298553,0.2242875099182129,0.22864192724227905,0.2329963594675064,0.23735079169273376,0.24170522391796112,0.24605965614318848,0.250414103269577,0.2547685205936432,0.25912296772003174,0.2634773850440979,0.26783183217048645,0.2721862494945526,0.27654069662094116,0.2808951139450073,0.2852495610713959,0.28960397839546204],"_type":"histogram"},"losses/l1_loss":37.2,"details/current_l1_coefficient":5,"sparsity/mean_passes_since_fired":0.72894287109375,"_timestamp":1.74286462109894e+09,"losses/mse_loss":23.75,"sparsity/below_1e-6":0,"metrics/l0":495.23828125,"sparsity/dead_features":0,"_runtime":769.229839339,"weights/b_gate":{"_type":"histogram","values":[2,0,0,1,0,0,1,1,3,4,5,4,12,20,317,45,43,59,74,101,173,761,120,162,739,282,12893,33,278,138,3,4,3,0,1,3,4,3,3,3,7,12,35,5,1,1,3,1,0,2,0,0,0,0,0,1,0,16,1,0,0,0,0,1],"bins":[-0.00390625,-0.003769397735595703,-0.0036325454711914062,-0.0034956932067871094,-0.0033588409423828125,-0.0032219886779785156,-0.0030851364135742188,-0.002948284149169922,-0.002811431884765625,-0.002674579620361328,-0.0025377273559570312,-0.0024008750915527344,-0.0022640228271484375,-0.0021271705627441406,-0.0019903182983398438,-0.0018534660339355469,-0.00171661376953125,-0.0015797615051269531,-0.0014429092407226562,-0.0013060569763183594,-0.0011692047119140625,-0.0010323524475097656,-0.0008955001831054688,-0.0007586479187011719,-0.000621795654296875,-0.0004849433898925781,-0.00034809112548828125,-0.00021123886108398438,-7.43865966796875e-05,6.246566772460938e-05,0.00019931793212890625,0.0003361701965332031,0.0004730224609375,0.0006098747253417969,0.0007467269897460938,0.0008835792541503906,0.0010204315185546875,0.0011572837829589844,0.0012941360473632812,0.0014309883117675781,0.001567840576171875,0.0017046928405761719,0.0018415451049804688,0.0019783973693847656,0.0021152496337890625,0.0022521018981933594,0.0023889541625976562,0.002525806427001953,0.00266265869140625,0.002799510955810547,0.0029363632202148438,0.0030732154846191406,0.0032100677490234375,0.0033469200134277344,0.0034837722778320312,0.003620624542236328,0.003757476806640625,0.003894329071044922,0.004031181335449219,0.004168033599853516,0.0043048858642578125,0.004441738128662109,0.004578590393066406,0.004715442657470703,0.004852294921875]},"_wandb":{"runtime":769},"metrics/mean_log10_feature_sparsity":-2.265489101409912,"plots/feature_density_line_chart":{"_type":"histogram","values":[3,2,6,5,6,11,19,21,53,71,128,177,253,334,429,603,743,793,808,745,681,537,424,350,261,215,183,158,170,1450,2918,114,59,70,66,81,86,96,88,97,121,117,156,150,169,217,249,266,291,253,233,232,170,131,93,58,28,9,5,5,11,10,17,79],"bins":[-4.037171363830566,-3.9741382598876953,-3.911105155944824,-3.848071813583374,-3.785038709640503,-3.722005605697632,-3.6589725017547607,-3.5959391593933105,-3.5329060554504395,-3.4698729515075684,-3.4068398475646973,-3.343806505203247,-3.280773401260376,-3.217740297317505,-3.154707193374634,-3.0916738510131836,-3.0286407470703125,-2.9656076431274414,-2.9025745391845703,-2.83954119682312,-2.776508092880249,-2.713474988937378,-2.650441884994507,-2.5874085426330566,-2.5243754386901855,-2.4613423347473145,-2.3983092308044434,-2.335275888442993,-2.272242784500122,-2.209209680557251,-2.14617657661438,-2.0831432342529297,-2.0201101303100586,-1.9570770263671875,-1.8940439224243164,-1.8310106992721558,-1.7679775953292847,-1.704944372177124,-1.641911268234253,-1.5788780450820923,-1.5158449411392212,-1.4528117179870605,-1.3897786140441895,-1.3267453908920288,-1.2637122869491577,-1.200679063796997,-1.137645959854126,-1.0746127367019653,-1.0115796327590942,-0.9485464692115784,-0.8855133056640625,-0.8224801421165466,-0.7594469785690308,-0.6964138150215149,-0.633380651473999,-0.5703474879264832,-0.5073143243789673,-0.4442811608314514,-0.38124799728393555,-0.3182148337364197,-0.2551816701889038,-0.19214850664138794,-0.12911534309387207,-0.0660821795463562,-0.0030490176286548376]},"details/current_learning_rate":1.0000000000000013e-07,"metrics/explained_variance":0.38671875,"metrics/explained_variance_std":0.2412109375,"sparsity":{"l0":469.23077392578125,"l1":576},"reconstruction_quality":{"explained_variance":-0.12738744914531708,"mse":2.8671586513519287,"cossim":0.7397838830947876},"losses/overall_loss":1176}