{"sparsity/below_1e-6":0,"metrics/mean_log10_feature_sparsity":-1.0111716325367226e-10,"metrics/explained_variance":0.9408619403839111,"_wandb":{"runtime":6226},"sparsity/below_1e-5":0,"plots/feature_density_line_chart":{"values":[2,0,0,0,0,0,0,0,0,0,0,0,0,0,0,0,0,0,0,0,0,0,0,0,0,0,0,0,0,0,0,0,0,0,0,0,0,0,0,0,0,0,0,0,0,0,0,0,0,0,0,0,0,0,0,0,0,0,0,0,0,0,0,16382],"bins":[-8.283518013740832e-07,-8.154087822731526e-07,-8.024658200156409e-07,-7.895228009147104e-07,-7.765798386571987e-07,-7.636368195562682e-07,-7.506938004553376e-07,-7.377508381978259e-07,-7.248078190968954e-07,-7.118648568393837e-07,-6.989218377384532e-07,-6.859788186375226e-07,-6.73035856380011e-07,-6.600928372790804e-07,-6.471498181781499e-07,-6.342068559206382e-07,-6.212638368197076e-07,-6.08320874562196e-07,-5.953778554612654e-07,-5.824348363603349e-07,-5.694918741028232e-07,-5.565488550018927e-07,-5.43605892744381e-07,-5.306628736434504e-07,-5.177198545425199e-07,-5.047768922850082e-07,-4.918338731840777e-07,-4.78890910926566e-07,-4.6594789182563545e-07,-4.5300490114641434e-07,-4.400618820454838e-07,-4.271188913662627e-07,-4.141759006870416e-07,-4.0123291000782046e-07,-3.8828991932859935e-07,-3.753469002276688e-07,-3.624039095484477e-07,-3.494609188692266e-07,-3.365179281900055e-07,-3.2357490908907494e-07,-3.106319184098538e-07,-2.976889277306327e-07,-2.847459370514116e-07,-2.718029463721905e-07,-2.5885992727125995e-07,-2.4591693659203884e-07,-2.3297394591281773e-07,-2.200309410227419e-07,-2.070879503435208e-07,-1.9414495966429968e-07,-1.8120195477422385e-07,-1.6825896409500274e-07,-1.553159592049269e-07,-1.423729685257058e-07,-1.2942996363562997e-07,-1.1648697295640886e-07,-1.035439751717604e-07,-9.060097738711193e-08,-7.765797960246346e-08,-6.471498181781499e-08,-5.17719875858802e-08,-3.882898980123173e-08,-2.58859937929401e-08,-1.294299689647005e-08,0],"_type":"histogram"},"details/n_training_tokens":4085760,"losses/overall_loss":2.247316837310791,"reconstruction_quality":{"mse":20.467737197875977,"cossim":0.9696518182754517,"explained_variance":0.05564593896269798},"sparsity/dead_features":762,"_step":7999,"sparsity/mean_passes_since_fired":350.53997802734375,"metrics/explained_variance_std":0.06550168246030807,"token_stats":{"total_tokens_eval_reconstruction":5120,"total_tokens_eval_sparsity_variance":5120},"losses/mse_loss":2.247316837310791,"shrinkage":{"relative_reconstruction_bias":0.038539014756679535,"l2_norm_in":45.372047424316406,"l2_norm_out":1.6896593570709229,"l2_ratio":0.036935750395059586},"metrics/l0":8294.921875,"sparsity":{"l0":8303.275390625,"l1":201.36061096191406},"details/current_learning_rate":1.0000000000000013e-07,"details/current_l1_coefficient":5,"model_performance_preservation":{"ce_loss_score":0.9998614911351164,"ce_loss_with_ablation":8.44247817993164,"ce_loss_with_sae":2.4135167598724365,"ce_loss_without_sae":2.4126815795898438},"_runtime":6226.930457014,"_timestamp":1.742875733449855e+09}