{"sparsity":{"l1":560,"l0":417.21466064453125},"token_stats":{"total_tokens_eval_reconstruction":20480,"total_tokens_eval_sparsity_variance":20480},"reconstruction_quality":{"explained_variance":-0.13342510163784027,"mse":3.0749130249023438,"cossim":0.6892113089561462},"losses/l1_loss":40,"_wandb":{"runtime":766},"weights/b_mag":{"values":[14730,0,0,1,47,23,213,47,30,18,358,38,31,19,19,13,7,312,69,11,6,11,19,12,14,11,5,8,9,12,8,5,12,234,7,2,0,0,1,2,1,1,0,3,1,0,0,0,0,1,0,0,1,0,0,0,0,0,0,0,2,0,1,9],"bins":[-0.00017452239990234375,-0.0001102834939956665,-4.604458808898926e-05,1.8194317817687988e-05,8.243322372436523e-05,0.00014667212963104248,0.00021091103553771973,0.00027514994144439697,0.0003393888473510742,0.00040362775325775146,0.0004678666591644287,0.000532105565071106,0.0005963444709777832,0.0006605833768844604,0.0007248222827911377,0.0007890611886978149,0.0008533000946044922,0.0009175390005111694,0.0009817779064178467,0.001046016812324524,0.0011102557182312012,0.0011744946241378784,0.0012387335300445557,0.001302972435951233,0.0013672113418579102,0.0014314502477645874,0.0014956891536712646,0.001559928059577942,0.0016241669654846191,0.0016884058713912964,0.0017526447772979736,0.0018168836832046509,0.0018811225891113281,0.0019453614950180054,0.0020096004009246826,0.00207383930683136,0.002138078212738037,0.0022023171186447144,0.0022665560245513916,0.002330794930458069,0.002395033836364746,0.0024592727422714233,0.0025235116481781006,0.002587750554084778,0.002651989459991455,0.0027162283658981323,0.0027804672718048096,0.002844706177711487,0.002908945083618164,0.0029731839895248413,0.0030374228954315186,0.003101661801338196,0.003165900707244873,0.0032301396131515503,0.0032943785190582275,0.003358617424964905,0.003422856330871582,0.0034870952367782593,0.0035513341426849365,0.0036155730485916138,0.003679811954498291,0.0037440508604049683,0.0038082897663116455,0.0038725286722183228,0.003936767578125],"_type":"histogram"},"losses/mse_loss":26.375,"losses/overall_loss":1336,"details/n_training_tokens":4085760,"metrics/mean_log10_feature_sparsity":-2.460739850997925,"sparsity/mean_passes_since_fired":1.4742431640625,"plots/feature_density_line_chart":{"_type":"histogram","values":[1,0,1,0,0,0,2,4,11,21,22,59,64,102,100,120,132,153,204,256,301,394,528,686,875,1038,1028,971,779,607,463,350,267,219,199,3866,225,36,36,47,43,49,68,65,71,90,85,68,94,137,129,158,176,209,198,166,151,90,49,11,7,3,4,96],"bins":[-4.864169120788574,-4.788212776184082,-4.712256908416748,-4.636300563812256,-4.560344696044922,-4.48438835144043,-4.408432483673096,-4.3324761390686035,-4.2565202713012695,-4.180563926696777,-4.104608058929443,-4.028651714324951,-3.952695608139038,-3.876739501953125,-3.800783395767212,-3.724827289581299,-3.6488711833953857,-3.5729150772094727,-3.4969589710235596,-3.4210028648376465,-3.3450467586517334,-3.2690906524658203,-3.193134307861328,-3.117178201675415,-3.041222095489502,-2.965265989303589,-2.889309883117676,-2.8133537769317627,-2.7373976707458496,-2.6614415645599365,-2.5854854583740234,-2.5095293521881104,-2.4335732460021973,-2.357617139816284,-2.281661033630371,-2.205704927444458,-2.129748821258545,-2.0537924766540527,-1.9778364896774292,-1.9018803834915161,-1.825924277305603,-1.7499680519104004,-1.6740119457244873,-1.5980558395385742,-1.5220997333526611,-1.446143627166748,-1.370187520980835,-1.2942314147949219,-1.2182751893997192,-1.1423190832138062,-1.066362977027893,-0.99040687084198,-0.9144507646560669,-0.8384946584701538,-0.762538492679596,-0.6865823864936829,-0.6106262803077698,-0.5346701145172119,-0.45871400833129883,-0.38275790214538574,-0.30680176615715027,-0.230845645070076,-0.1548895239830017,-0.07893340289592743,-0.0029772836714982986]},"sparsity/below_1e-6":0,"weights/W_dec_norms":{"_type":"histogram","values":[724,1851,1081,388,63,28,8,8,10,13,14,15,27,795,3975,3924,1182,101,80,59,50,54,63,61,87,98,52,90,85,102,88,78,83,69,73,79,72,67,79,75,58,69,51,51,48,36,30,37,29,20,30,20,13,13,11,7,4,1,1,1,0,0,0,3],"bins":[0.011471022851765156,0.015846410766243935,0.020221799612045288,0.024597186595201492,0.028972575441002846,0.0333479642868042,0.0377233512699604,0.04209873825311661,0.04647412896156311,0.050849515944719315,0.05522490292787552,0.05960028991103172,0.06397567689418793,0.06835106760263443,0.07272645831108093,0.07710184156894684,0.08147723227739334,0.08585262298583984,0.09022800624370575,0.09460339695215225,0.09897878766059875,0.10335417091846466,0.10772956162691116,0.11210494488477707,0.11648033559322357,0.12085572630167007,0.12523111701011658,0.12960650026798248,0.1339818835258484,0.1383572816848755,0.1427326649427414,0.1471080482006073,0.1514834463596344,0.1558588296175003,0.1602342128753662,0.1646096110343933,0.16898499429225922,0.17336037755012512,0.17773577570915222,0.18211115896701813,0.18648654222488403,0.19086194038391113,0.19523732364177704,0.19961270689964294,0.20398810505867004,0.20836348831653595,0.21273887157440186,0.21711426973342896,0.22148965299129486,0.22586503624916077,0.23024041950702667,0.23461581766605377,0.23899120092391968,0.24336658418178558,0.24774198234081268,0.2521173655986786,0.2564927637577057,0.2608681321144104,0.2652435302734375,0.2696189284324646,0.2739942967891693,0.2783696949481964,0.2827450931072235,0.2871204614639282,0.2914958596229553]},"details/current_l1_coefficient":5,"sparsity/below_1e-5":0,"losses/auxiliary_reconstruction_loss":1112,"_runtime":766.826267054,"_timestamp":1.742862257562664e+09,"sparsity/dead_features":0,"details/current_learning_rate":1.0000000000000013e-07,"shrinkage":{"l2_norm_out":0.7578125,"l2_ratio":0.01536381896585226,"relative_reconstruction_bias":0.03025861084461212,"l2_norm_in":45.12273025512695},"weights/b_gate":{"values":[4,1,2,2,0,1,4,7,6,7,6,7,16,46,301,34,37,54,59,71,108,405,63,44,80,315,9332,3719,18,7,696,754,31,6,4,1,6,1,3,2,5,13,5,13,14,5,11,8,13,7,6,4,0,1,0,1,0,0,11,3,0,0,2,2],"bins":[-0.00390625,-0.003772735595703125,-0.00363922119140625,-0.003505706787109375,-0.0033721923828125,-0.003238677978515625,-0.00310516357421875,-0.002971649169921875,-0.002838134765625,-0.002704620361328125,-0.00257110595703125,-0.002437591552734375,-0.0023040771484375,-0.002170562744140625,-0.00203704833984375,-0.001903533935546875,-0.00177001953125,-0.001636505126953125,-0.00150299072265625,-0.001369476318359375,-0.0012359619140625,-0.001102447509765625,-0.00096893310546875,-0.000835418701171875,-0.000701904296875,-0.000568389892578125,-0.00043487548828125,-0.000301361083984375,-0.0001678466796875,-3.4332275390625e-05,9.918212890625e-05,0.000232696533203125,0.0003662109375,0.000499725341796875,0.00063323974609375,0.000766754150390625,0.0009002685546875,0.001033782958984375,0.00116729736328125,0.001300811767578125,0.001434326171875,0.001567840576171875,0.00170135498046875,0.001834869384765625,0.0019683837890625,0.002101898193359375,0.00223541259765625,0.002368927001953125,0.00250244140625,0.002635955810546875,0.00276947021484375,0.002902984619140625,0.0030364990234375,0.003170013427734375,0.00330352783203125,0.003437042236328125,0.003570556640625,0.003704071044921875,0.00383758544921875,0.003971099853515625,0.0041046142578125,0.004238128662109375,0.00437164306640625,0.004505157470703125,0.004638671875],"_type":"histogram"},"model_performance_preservation":{"ce_loss_without_sae":1.7751680612564087,"ce_loss_score":0.860688270979234,"ce_loss_with_ablation":7.333769798278809,"ce_loss_with_sae":2.549546480178833},"losses/raw_l1_loss":200,"metrics/explained_variance_std":0.216796875,"metrics/l0":424.990234375,"_step":7999,"metrics/explained_variance":0.33984375}