{"reconstruction_quality":{"cossim":0.9873849749565125,"explained_variance":0.023075712844729424,"mse":18.38401222229004},"losses/mse_loss":1.1469274759292603,"details/current_learning_rate":-9.473903143467665e-23,"model_performance_preservation":{"ce_loss_without_sae":2.3803727626800537,"ce_loss_score":0.9994693335157223,"ce_loss_with_ablation":7.856663703918457,"ce_loss_with_sae":2.3832788467407227},"sparsity/below_1e-5":0,"token_stats":{"total_tokens_eval_reconstruction":5120,"total_tokens_eval_sparsity_variance":5120},"metrics/explained_variance":0.9688243865966797,"_wandb":{"runtime":5837},"shrinkage":{"l2_norm_out":1.6160967350006104,"l2_ratio":0.03737350180745125,"relative_reconstruction_bias":0.03810422495007515,"l2_norm_in":43.09769821166992},"plots/feature_density_line_chart":{"values":[1,0,0,0,0,0,0,0,0,0,0,0,0,0,0,0,0,0,0,0,0,0,0,0,0,0,0,0,0,0,0,0,0,0,0,0,0,0,0,0,0,0,0,0,0,0,0,0,0,0,0,0,0,0,0,0,0,0,0,0,0,0,0,16383],"bins":[-3.365189058968099e-06,-3.3126079870271496e-06,-3.2600269150862005e-06,-3.2074458431452513e-06,-3.154864771204302e-06,-3.102283699263353e-06,-3.0497026273224037e-06,-2.9971215553814545e-06,-2.9445404834405053e-06,-2.891959411499556e-06,-2.839378339558607e-06,-2.7867972676176578e-06,-2.7342161956767086e-06,-2.6816351237357594e-06,-2.6290540517948102e-06,-2.576472979853861e-06,-2.523891907912912e-06,-2.4713106085982872e-06,-2.418729536657338e-06,-2.366148464716389e-06,-2.3135673927754397e-06,-2.2609863208344905e-06,-2.2084052488935413e-06,-2.155824176952592e-06,-2.103243105011643e-06,-2.0506620330706937e-06,-1.9980809611297445e-06,-1.9454998891887954e-06,-1.8929188172478462e-06,-1.840337745306897e-06,-1.7877566733659478e-06,-1.7351756014249986e-06,-1.6825945294840494e-06,-1.6300134575431002e-06,-1.577432385602151e-06,-1.5248513136612019e-06,-1.4722702417202527e-06,-1.4196891697793035e-06,-1.3671080978383543e-06,-1.3145270258974051e-06,-1.261945953956456e-06,-1.209364768328669e-06,-1.1567836963877198e-06,-1.1042026244467706e-06,-1.0516215525058215e-06,-9.990404805648723e-07,-9.464594086239231e-07,-8.938783366829739e-07,-8.412972647420247e-07,-7.887161928010755e-07,-7.361351208601263e-07,-6.835540489191771e-07,-6.30972976978228e-07,-5.783918481938599e-07,-5.258107762529107e-07,-4.7322970431196154e-07,-4.2064863237101235e-07,-3.6806756043006317e-07,-3.15486488489114e-07,-2.6290538812645536e-07,-2.1032431618550618e-07,-1.57743244244557e-07,-1.0516215809275309e-07,-5.2581079046376544e-08,0],"_type":"histogram"},"details/current_l1_coefficient":5,"metrics/explained_variance_std":0.03936383128166199,"_step":23999,"losses/overall_loss":1.1469274759292603,"details/n_training_tokens":12288000,"sparsity":{"l0":16327.3349609375,"l1":21382.802734375},"sparsity/below_1e-6":0,"sparsity/mean_passes_since_fired":0,"sparsity/dead_features":0,"_timestamp":1.7429289574920263e+09,"metrics/l0":16338.818359375,"_runtime":5837.62182096,"metrics/mean_log10_feature_sparsity":-2.0539484002490838e-10}