{"details/current_learning_rate":8.39642402126385e-06,"_runtime":108.585365001,"details/current_l1_coefficient":5,"_timestamp":1.7431986209973786e+09,"metrics/explained_variance_std":0.2551230192184448,"metrics/l0":2200.23828125,"sparsity/dead_features":0,"shrinkage":{"l2_norm_out":1.2094919681549072,"l2_ratio":0.024142572656273842,"relative_reconstruction_bias":0.0373644083738327,"l2_norm_in":45.01102828979492},"_wandb":{"runtime":108},"losses/overall_loss":11020.8046875,"losses/mse_loss":19.613571166992188,"details/n_training_tokens":337920,"sparsity":{"l1":1338.111328125,"l0":1932.5767822265625},"metrics/explained_variance":0.46602123975753784,"reconstruction_quality":{"explained_variance":0.028952060267329216,"mse":20.994918823242188,"cossim":0.6897911429405212},"model_performance_preservation":{"ce_loss_with_ablation":8.240143775939941,"ce_loss_with_sae":2.9344873428344727,"ce_loss_without_sae":2.0858089923858643,"ce_loss_score":0.8621007175760913},"token_stats":{"total_tokens_eval_reconstruction":5120,"total_tokens_eval_sparsity_variance":5120},"losses/l0_loss":11001.19140625,"_step":659,"sparsity/mean_passes_since_fired":6.30047607421875}