{"sparsity/below_1e-6":8410,"metrics/mean_log10_feature_sparsity":-7.52320671081543,"sparsity/dead_features":8397,"losses/l1_loss":0.17505333423614503,"plots/feature_density_line_chart":{"bins":[-10,-9.873183250427246,-9.746366500854492,-9.619548797607422,-9.492732048034668,-9.365915298461914,-9.23909854888916,-9.11228084564209,-8.985464096069336,-8.858647346496582,-8.731830596923828,-8.605012893676758,-8.478196144104004,-8.35137939453125,-8.224562644958496,-8.097745895385742,-7.97092866897583,-7.844111442565918,-7.717294692993164,-7.590477466583252,-7.463660717010498,-7.336843490600586,-7.210026741027832,-7.08320951461792,-6.956392765045166,-6.829576015472412,-6.7027587890625,-6.575942039489746,-6.449124813079834,-6.32230806350708,-6.195490837097168,-6.068674087524414,-5.941856861114502,-5.815040111541748,-5.688222885131836,-5.561406135559082,-5.434589385986328,-5.307772159576416,-5.180955410003662,-5.05413818359375,-4.927321434020996,-4.800504207611084,-4.67368745803833,-4.546870231628418,-4.420053482055664,-4.293236255645752,-4.166419506072998,-4.039602756500244,-3.912785530090332,-3.785968542098999,-3.659151554107666,-3.532334566116333,-3.405517578125,-3.278700828552246,-3.151883840560913,-3.02506685256958,-2.898249864578247,-2.771432876586914,-2.644615888595581,-2.517798900604248,-2.390981912612915,-2.264164924621582,-2.137347936630249,-2.010530948638916,-1.8837140798568726],"_type":"histogram","values":[8410,0,0,0,0,0,0,0,0,0,0,0,0,0,0,0,0,0,0,0,0,0,0,0,0,0,0,0,0,0,0,0,0,5023,0,0,1089,177,45,55,27,4,2,0,0,0,0,0,0,0,0,0,0,0,0,0,0,0,0,0,0,112,85,1355]},"_runtime":422.880068923,"losses/mse_loss":1.1763343811035156,"losses/overall_loss":3.6160364151000977,"shrinkage":{"l2_norm_in":43.36648178100586,"l2_norm_out":0.47852951288223267,"l2_ratio":0.0012174303410574794,"relative_reconstruction_bias":0.03993813320994377},"losses/auxiliary_reconstruction_loss":1.5644354820251465,"_step":7999,"metrics/l0":8.658203125,"weights/b_gate":{"values":[3,0,4,6,6,20,18,13,20,15,16,10,17,12,5,6,7,9,12,11,11,4,11,11,18,12,6,11,10,11,11,14,12,10,14,11,20,13,15,12,14,20,12,9,16,17,16,22,25,40,59,150,130,85,56,63,106,93,86,47,946,6844,6387,694],"bins":[-0.014691412448883057,-0.014474497176706791,-0.014257581904530525,-0.01404066663235426,-0.013823751360177994,-0.013606836088001728,-0.013389920815825462,-0.013173005543649197,-0.012956090271472931,-0.012739174999296665,-0.012522258795797825,-0.01230534352362156,-0.012088428251445293,-0.011871512979269028,-0.011654597707092762,-0.011437682434916496,-0.01122076716274023,-0.011003851890563965,-0.010786936618387699,-0.010570021346211433,-0.010353106074035168,-0.010136190801858902,-0.009919275529682636,-0.00970236025750637,-0.009485444985330105,-0.009268529713153839,-0.009051614440977573,-0.008834699168801308,-0.008617782965302467,-0.008400867693126202,-0.008183952420949936,-0.00796703714877367,-0.007750122342258692,-0.007533206604421139,-0.007316291332244873,-0.007099376060068607,-0.006882460787892342,-0.006665545515716076,-0.00644863024353981,-0.0062317149713635445,-0.006014799699187279,-0.005797884427011013,-0.00558096868917346,-0.005364053416997194,-0.005147138144820929,-0.004930222872644663,-0.004713307600468397,-0.004496392328292131,-0.004279477056115866,-0.0040625617839396,-0.0038456462789326906,-0.003628731006756425,-0.003411815734580159,-0.0031949004624038935,-0.002977984957396984,-0.0027610696852207184,-0.0025441544130444527,-0.002327239140868187,-0.0021103238686919212,-0.0018934084801003337,-0.0016764930915087461,-0.0014595778193324804,-0.0012426624307408929,-0.0010257471585646272,-0.0008088318281807005],"_type":"histogram"},"losses/raw_l1_loss":0.8752666711807251,"sparsity":{"l0":52.51250076293945,"l1":434.1669921875},"details/n_training_tokens":4085760,"model_performance_preservation":{"ce_loss_without_sae":2.098129987716675,"ce_loss_score":0.47840761281428656,"ce_loss_with_ablation":8.337739944458008,"ce_loss_with_sae":5.352663040161133},"details/current_learning_rate":1.0000000000000013e-07,"token_stats":{"total_tokens_eval_reconstruction":5120,"total_tokens_eval_sparsity_variance":5120},"reconstruction_quality":{"cossim":0.38661813735961914,"explained_variance":0.0017486863071098924,"mse":19.42349624633789},"metrics/explained_variance":0.034879207611083984,"weights/b_mag":{"bins":[-0.0005175959668122232,-0.00022359227295964956,7.04114354448393e-05,0.00036441514384932816,0.0006584188085980713,0.0009524225606583059,0.0012464262545108795,0.0015404298901557922,0.0018344336422160268,0.0021284373942762613,0.002422441029921174,0.0027164446655660868,0.003010448534041643,0.003304452169686556,0.0035984558053314686,0.0038924594409763813,0.004186463076621294,0.004480466712266207,0.004774470813572407,0.0050684744492173195,0.005362478084862232,0.005656481720507145,0.005950485356152058,0.00624448899179697,0.006538492627441883,0.006832496728748083,0.007126500364392996,0.0074205040000379086,0.007714507635682821,0.008008511736989021,0.008302515372633934,0.008596519008278847,0.00889052264392376,0.009184526279568672,0.009478529915213585,0.009772533550858498,0.01006653718650341,0.010360540822148323,0.010654544457793236,0.010948548093438148,0.011242551729083061,0.011536555364727974,0.011830559000372887,0.012124563567340374,0.012418567202985287,0.0127125708386302,0.013006574474275112,0.013300578109920025,0.013594581745564938,0.01388858538120985,0.014182589016854763,0.014476592652499676,0.014770596288144588,0.015064599923789501,0.015358603559434414,0.0156526081264019,0.015946611762046814,0.016240615397691727,0.01653461903333664,0.016828622668981552,0.017122626304626465,0.017416629940271378,0.01771063357591629,0.018004637211561203,0.018298640847206116],"_type":"histogram","values":[14832,0,0,0,0,0,0,0,0,0,0,0,0,0,0,0,0,0,0,0,0,0,0,0,0,0,0,0,0,0,0,0,0,0,0,0,0,0,0,0,0,0,0,2,8,17,58,133,154,185,183,195,168,159,106,73,48,31,15,7,4,2,2,2]},"_wandb":{"runtime":422},"sparsity/below_1e-5":14775,"sparsity/mean_passes_since_fired":1860.92822265625,"metrics/explained_variance_std":0.08075429499149323,"details/current_l1_coefficient":5,"_timestamp":1.7430383189561062e+09}