{"_step":7999,"losses/mse_loss":196,"shrinkage":{"l2_norm_in":47.24460983276367,"l2_norm_out":2.0625,"l2_ratio":0.03960647061467171,"relative_reconstruction_bias":2.10518479347229},"losses/l1_loss":66,"metrics/l0":8528.18359375,"_timestamp":1.7428668487405431e+09,"token_stats":{"total_tokens_eval_reconstruction":20480,"total_tokens_eval_sparsity_variance":20480},"_wandb":{"runtime":1751},"reconstruction_quality":{"mse":3.840850591659546,"cossim":0.028077630326151848,"explained_variance":-0.15162412822246552},"sparsity/below_1e-6":0,"losses/raw_l1_loss":330,"sparsity/below_1e-5":0,"plots/feature_density_line_chart":{"bins":[-0.6595326662063599,-0.6502919793128967,-0.6410512924194336,-0.6318106055259705,-0.6225698590278625,-0.6133291721343994,-0.6040884852409363,-0.5948477983474731,-0.58560711145401,-0.5763664245605469,-0.5671257376670837,-0.5578849911689758,-0.5486443042755127,-0.5394036173820496,-0.5301629304885864,-0.5209222435951233,-0.5116815567016602,-0.5024408102035522,-0.4932001531124115,-0.483959436416626,-0.47471874952316284,-0.4654780626296997,-0.4562373459339142,-0.44699665904045105,-0.4377559721469879,-0.4285152852535248,-0.41927456855773926,-0.4100338816642761,-0.400793194770813,-0.39155247807502747,-0.38231179118156433,-0.3730711042881012,-0.3638303875923157,-0.35458970069885254,-0.3453490138053894,-0.33610832691192627,-0.32686761021614075,-0.3176269233226776,-0.3083862364292145,-0.29914551973342896,-0.2899048328399658,-0.2806641459465027,-0.27142345905303955,-0.26218274235725403,-0.2529420554637909,-0.24370135366916656,-0.23446066677570343,-0.2252199649810791,-0.21597927808761597,-0.20673857629299164,-0.1974978744983673,-0.18825718760490417,-0.17901648581027985,-0.1697757989168167,-0.16053509712219238,-0.15129439532756805,-0.14205370843410492,-0.1328130066394806,-0.12357231229543686,-0.11433161795139313,-0.1050909236073494,-0.09585022926330566,-0.08660952746868134,-0.0773688331246376,-0.06812813878059387],"_type":"histogram","values":[1,0,1,1,0,1,0,1,0,1,2,5,9,7,10,13,15,19,20,35,30,45,48,73,90,96,124,159,206,208,254,300,378,379,422,520,584,585,680,699,805,764,831,893,814,835,771,744,714,649,575,472,406,317,261,191,131,72,60,35,15,5,2,1]},"details/current_l1_coefficient":5,"weights/W_dec_norms":{"bins":[0.09975556284189224,0.09976717084646225,0.09977877885103226,0.09979039430618286,0.09980200231075287,0.09981361031532288,0.09982521831989288,0.09983683377504349,0.0998484417796135,0.0998600497841835,0.09987165778875351,0.09988326579332352,0.09989488124847412,0.09990648925304413,0.09991809725761414,0.09992970526218414,0.09994131326675415,0.09995292872190475,0.09996453672647476,0.09997614473104477,0.09998775273561478,0.09999936819076538,0.10001097619533539,0.1000225841999054,0.1000341922044754,0.10004580020904541,0.10005741566419601,0.10006902366876602,0.10008063167333603,0.10009223967790604,0.10010385513305664,0.10011546313762665,0.10012707114219666,0.10013867914676666,0.10015028715133667,0.10016190260648727,0.10017351061105728,0.10018511861562729,0.1001967266201973,0.1002083420753479,0.10021995007991791,0.10023155808448792,0.10024316608905792,0.10025477409362793,0.10026638954877853,0.10027799755334854,0.10028960555791855,0.10030121356248856,0.10031282901763916,0.10032443702220917,0.10033604502677917,0.10034765303134918,0.10035926103591919,0.1003708764910698,0.1003824844956398,0.10039409250020981,0.10040570050477982,0.10041730850934982,0.10042892396450043,0.10044053196907043,0.10045213997364044,0.10046374797821045,0.10047536343336105,0.10048697143793106,0.10049857944250107],"_type":"histogram","values":[4,21,37,44,50,51,75,78,68,65,69,67,74,74,101,110,121,198,246,354,387,402,394,393,392,384,389,399,373,372,375,454,402,408,412,374,395,393,405,376,404,395,398,375,334,347,358,366,327,367,308,321,339,283,319,298,297,247,237,143,89,35,9,2]},"losses/overall_loss":18176,"model_performance_preservation":{"ce_loss_with_sae":9.42039966583252,"ce_loss_without_sae":1.8120752573013306,"ce_loss_score":-0.37399388115179427,"ce_loss_with_ablation":7.349453926086426},"sparsity":{"l0":9150.6982421875,"l1":816},"metrics/mean_log10_feature_sparsity":-0.27104640007019043,"sparsity/mean_passes_since_fired":0,"sparsity/dead_features":0,"metrics/explained_variance_std":6.875,"details/n_training_tokens":4085760,"weights/b_mag":{"_type":"histogram","values":[5,0,0,0,0,0,0,0,0,0,0,0,0,0,0,0,69,0,0,0,0,0,0,0,0,0,0,0,0,0,0,0,463,0,0,0,0,0,0,0,0,0,0,0,0,0,0,0,2543,0,0,0,0,0,0,0,0,0,0,0,0,0,0,13304],"bins":[-1.5735626220703125e-05,-1.57281756401062e-05,-1.5720725059509277e-05,-1.5713274478912354e-05,-1.570582389831543e-05,-1.5698373317718506e-05,-1.5690922737121582e-05,-1.5683472156524658e-05,-1.5676021575927734e-05,-1.566857099533081e-05,-1.5661120414733887e-05,-1.5653669834136963e-05,-1.564621925354004e-05,-1.5638768672943115e-05,-1.563131809234619e-05,-1.5623867511749268e-05,-1.5616416931152344e-05,-1.560896635055542e-05,-1.5601515769958496e-05,-1.5594065189361572e-05,-1.558661460876465e-05,-1.5579164028167725e-05,-1.55717134475708e-05,-1.5564262866973877e-05,-1.5556812286376953e-05,-1.554936170578003e-05,-1.5541911125183105e-05,-1.553446054458618e-05,-1.5527009963989258e-05,-1.5519559383392334e-05,-1.551210880279541e-05,-1.5504658222198486e-05,-1.5497207641601562e-05,-1.548975706100464e-05,-1.5482306480407715e-05,-1.547485589981079e-05,-1.5467405319213867e-05,-1.5459954738616943e-05,-1.545250415802002e-05,-1.5445053577423096e-05,-1.5437602996826172e-05,-1.5430152416229248e-05,-1.5422701835632324e-05,-1.54152512550354e-05,-1.5407800674438477e-05,-1.5400350093841553e-05,-1.539289951324463e-05,-1.5385448932647705e-05,-1.537799835205078e-05,-1.5370547771453857e-05,-1.5363097190856934e-05,-1.535564661026001e-05,-1.5348196029663086e-05,-1.5340745449066162e-05,-1.5333294868469238e-05,-1.5325844287872314e-05,-1.531839370727539e-05,-1.5310943126678467e-05,-1.5303492546081543e-05,-1.529604196548462e-05,-1.5288591384887695e-05,-1.528114080429077e-05,-1.5273690223693848e-05,-1.5266239643096924e-05,-1.52587890625e-05]},"metrics/explained_variance":-3.78125,"_runtime":1751.119097547,"weights/b_gate":{"bins":[-0.00025177001953125,-0.0002516508102416992,-0.00025153160095214844,-0.00025141239166259766,-0.0002512931823730469,-0.0002511739730834961,-0.0002510547637939453,-0.00025093555450439453,-0.00025081634521484375,-0.00025069713592529297,-0.0002505779266357422,-0.0002504587173461914,-0.0002503395080566406,-0.00025022029876708984,-0.00025010108947753906,-0.0002499818801879883,-0.0002498626708984375,-0.0002497434616088867,-0.00024962425231933594,-0.00024950504302978516,-0.0002493858337402344,-0.0002492666244506836,-0.0002491474151611328,-0.00024902820587158203,-0.00024890899658203125,-0.00024878978729248047,-0.0002486705780029297,-0.0002485513687133789,-0.0002484321594238281,-0.00024831295013427734,-0.00024819374084472656,-0.0002480745315551758,-0.000247955322265625,-0.0002478361129760742,-0.00024771690368652344,-0.00024759769439697266,-0.0002474784851074219,-0.0002473592758178711,-0.0002472400665283203,-0.00024712085723876953,-0.00024700164794921875,-0.00024688243865966797,-0.0002467632293701172,-0.0002466440200805664,-0.0002465248107910156,-0.00024640560150146484,-0.00024628639221191406,-0.0002461671829223633,-0.0002460479736328125,-0.0002459287643432617,-0.00024580955505371094,-0.00024569034576416016,-0.0002455711364746094,-0.0002454519271850586,-0.0002453327178955078,-0.00024521350860595703,-0.00024509429931640625,-0.00024497509002685547,-0.0002448558807373047,-0.0002447366714477539,-0.0002446174621582031,-0.00024449825286865234,-0.00024437904357910156,-0.0002442598342895508,-0.000244140625],"_type":"histogram","values":[68,0,0,0,0,0,0,0,0,0,0,0,0,0,0,0,232,0,0,0,0,0,0,0,0,0,0,0,0,0,0,0,51,0,0,0,0,0,0,0,0,0,0,0,0,0,0,0,12630,0,0,0,0,0,0,0,0,0,0,0,0,0,0,3403]},"details/current_learning_rate":1.000000000000003e-08,"losses/auxiliary_reconstruction_loss":17664}