{"losses/overall_loss":51.705142974853516,"weights/b_e":{"values":[4,2,2,10,5,8,8,19,28,19,32,43,50,69,74,80,94,97,118,124,140,147,167,197,192,207,257,251,265,311,348,359,412,481,502,524,598,680,743,854,785,803,733,815,763,677,655,505,474,390,343,258,181,174,99,73,53,38,22,14,5,2,0,1],"bins":[-0.0017280091997236013,-0.001711976365186274,-0.0016959435306489468,-0.0016799106961116195,-0.0016638778615742922,-0.001647845027036965,-0.0016318121924996376,-0.0016157793579623103,-0.0015997464070096612,-0.001583713572472334,-0.0015676807379350066,-0.0015516479033976793,-0.001535615068860352,-0.0015195822343230247,-0.0015035493997856975,-0.0014875165652483702,-0.0014714837307110429,-0.0014554508961737156,-0.0014394180616363883,-0.001423385227099061,-0.0014073523925617337,-0.0013913195580244064,-0.0013752866070717573,-0.00135925377253443,-0.0013432209379971027,-0.0013271881034597754,-0.0013111552689224482,-0.0012951224343851209,-0.0012790895998477936,-0.0012630567653104663,-0.001247023930773139,-0.0012309910962358117,-0.0012149582616984844,-0.0011989254271611571,-0.0011828925926238298,-0.0011668597580865026,-0.0011508268071338534,-0.0011347939725965261,-0.0011187611380591989,-0.0011027283035218716,-0.0010866954689845443,-0.001070662634447217,-0.0010546297999098897,-0.0010385969653725624,-0.0010225641308352351,-0.0010065312962979078,-0.0009904984617605805,-0.0009744655690155923,-0.000958432734478265,-0.0009423998999409378,-0.0009263670654036105,-0.0009103342308662832,-0.0008943013963289559,-0.0008782685617916286,-0.0008622356690466404,-0.0008462028345093131,-0.0008301699999719858,-0.0008141371654346585,-0.0007981043308973312,-0.000782071496360004,-0.0007660386618226767,-0.0007500057690776885,-0.0007339729345403612,-0.0007179401000030339,-0.0007019072654657066],"_type":"histogram"},"model_performance_preservation":{"ce_loss_score":-0.09914292944469925,"ce_loss_with_ablation":8.44247817993164,"ce_loss_with_sae":9.040289878845215,"ce_loss_without_sae":2.4126815795898438},"_wandb":{"runtime":1486},"metrics/explained_variance":0.05705159157514572,"losses/mse_loss":51.705101013183594,"plots/feature_density_line_chart":{"bins":[-10,-9.918046951293945,-9.836094856262207,-9.754141807556152,-9.672188758850098,-9.59023666381836,-9.508283615112305,-9.42633056640625,-9.344378471374512,-9.262425422668457,-9.180472373962402,-9.098520278930664,-9.01656723022461,-8.934614181518555,-8.852662086486816,-8.770709037780762,-8.688755989074707,-8.606803894042969,-8.524850845336914,-8.44289779663086,-8.360945701599121,-8.278992652893066,-8.197039604187012,-8.115087509155273,-8.033134460449219,-7.951181411743164,-7.869228839874268,-7.787276268005371,-7.705323219299316,-7.62337064743042,-7.541418075561523,-7.459465026855469,-7.377512454986572,-7.295559883117676,-7.213606834411621,-7.131654262542725,-7.049701690673828,-6.967748641967773,-6.885796070098877,-6.8038434982299805,-6.721890449523926,-6.639937877655029,-6.557985305786133,-6.476032257080078,-6.394079685211182,-6.312127113342285,-6.2301740646362305,-6.148221492767334,-6.0662689208984375,-5.984315872192383,-5.902363300323486,-5.820410251617432,-5.738457679748535,-5.656505107879639,-5.574552059173584,-5.4925994873046875,-5.410646915435791,-5.328693866729736,-5.24674129486084,-5.164788722991943,-5.082835674285889,-5.000883102416992,-4.918930530548096,-4.836977481842041,-4.7550249099731445],"_type":"histogram","values":[15186,0,0,0,0,0,0,0,0,0,0,0,0,0,0,0,0,0,0,0,0,0,0,0,0,0,0,0,0,0,0,0,0,0,0,0,0,0,0,0,0,0,0,0,0,0,0,0,0,0,0,0,1059,0,0,0,82,0,21,13,15,6,0,2]},"sparsity/mean_passes_since_fired":4109.33935546875,"details/n_training_tokens":4085760,"details/current_learning_rate":1.0000000000000013e-07,"token_stats":{"total_tokens_eval_reconstruction":5120,"total_tokens_eval_sparsity_variance":5120},"_runtime":1486.502252644,"sparsity/below_1e-5":16376,"reconstruction_quality":{"mse":28.060331344604492,"cossim":0.29171568155288696,"explained_variance":-0.014768758788704872},"shrinkage":{"l2_norm_in":51.09611129760742,"l2_norm_out":0.06281270831823349,"l2_ratio":0.0017103090649470687,"relative_reconstruction_bias":0.005551367998123169},"sparsity":{"l0":0.0005859375232830644,"l1":1.919585429277504e-06},"_step":7999,"metrics/l0":0.009765625,"metrics/explained_variance_std":0.11195019632577896,"sparsity/dead_features":15226,"sparsity/below_1e-6":15186,"details/current_l1_coefficient":5,"losses/raw_l1_loss":4.123010148759931e-05,"metrics/mean_log10_feature_sparsity":-9.682624816894531,"_timestamp":1.7428841640421321e+09,"losses/l1_loss":8.246020297519862e-06}