{"metrics/explained_variance":0.357421875,"_runtime":136.337433929,"sparsity/below_1e-6":13015,"metrics/mean_log10_feature_sparsity":-8.612099647521973,"details/current_l1_coefficient":5,"sparsity/dead_features":13014,"details/current_learning_rate":1.0000000000000016e-06,"details/n_training_tokens":2042880,"sparsity/below_1e-5":13873,"token_stats":{"total_tokens_eval_sparsity_variance":20480,"total_tokens_eval_reconstruction":20480},"metrics/explained_variance_std":0.2734375,"shrinkage":{"relative_reconstruction_bias":0.021799910813570023,"l2_norm_in":46.12508010864258,"l2_norm_out":0.6953125,"l2_ratio":0.01657327637076378},"weights/W_dec_norms":{"bins":[0.05123594030737877,0.054311513900756836,0.0573870874941349,0.06046265736222267,0.06353823095560074,0.06661380082368851,0.06968937814235687,0.07276494801044464,0.075840525329113,0.07891609519720078,0.08199166506528854,0.08506724238395691,0.08814281225204468,0.09121838212013245,0.09429395943880081,0.09736952930688858,0.10044510662555695,0.10352067649364471,0.10659624636173248,0.10967182368040085,0.11274739354848862,0.11582297086715698,0.11889854073524475,0.12197411060333252,0.1250496804714203,0.12812526524066925,0.13120083510875702,0.1342764049768448,0.13735197484493256,0.14042754471302032,0.1435031145811081,0.14657869935035706,0.14965426921844482,0.1527298390865326,0.15580540895462036,0.15888097882270813,0.1619565635919571,0.16503213346004486,0.16810770332813263,0.1711832731962204,0.17425884306430817,0.17733442783355713,0.1804099977016449,0.18348556756973267,0.18656113743782043,0.1896367073059082,0.19271229207515717,0.19578786194324493,0.1988634318113327,0.20193900167942047,0.20501457154750824,0.2080901563167572,0.21116572618484497,0.21424129605293274,0.2173168659210205,0.22039243578910828,0.22346800565719604,0.226543590426445,0.22961916029453278,0.23269473016262054,0.2357703000307083,0.23884586989879608,0.24192145466804504,0.2449970245361328,0.24807259440422058],"_type":"histogram","values":[68,411,663,671,467,309,235,224,205,165,173,144,163,277,565,973,1600,2335,2529,1780,853,324,111,97,57,71,63,59,65,60,65,73,59,63,55,37,34,36,26,26,20,18,20,15,12,11,8,16,12,8,6,9,7,4,3,5,4,2,2,3,3,2,1,2]},"losses/auxiliary_reconstruction_loss":760,"plots/feature_density_line_chart":{"values":[13015,0,0,0,0,0,0,0,0,0,0,0,0,0,0,0,0,0,0,0,0,0,0,0,0,0,0,365,0,203,131,159,98,89,90,69,58,49,44,28,22,16,33,23,31,52,80,194,189,208,178,205,45,142,163,63,157,30,25,23,11,36,38,22],"bins":[-10,-9.843794822692871,-9.687589645385742,-9.531384468078613,-9.375178337097168,-9.218973159790039,-9.06276798248291,-8.906562805175781,-8.750357627868652,-8.594152450561523,-8.437946319580078,-8.28174114227295,-8.12553596496582,-7.969330787658691,-7.813125133514404,-7.656919956207275,-7.5007147789001465,-7.344509124755859,-7.1883039474487305,-7.032098770141602,-6.8758931159973145,-6.7196879386901855,-6.563482761383057,-6.4072771072387695,-6.251071929931641,-6.094866752624512,-5.938661098480225,-5.782455921173096,-5.626250743865967,-5.47004508972168,-5.313839912414551,-5.157634735107422,-5.001429080963135,-4.845223903656006,-4.689018726348877,-4.53281307220459,-4.376607894897461,-4.220402717590332,-4.064197063446045,-3.907991886138916,-3.751786708831787,-3.595581293106079,-3.439375877380371,-3.283170700073242,-3.126965284347534,-2.970759868621826,-2.8145546913146973,-2.6583492755889893,-2.5021438598632812,-2.3459386825561523,-2.1897332668304443,-2.0335278511047363,-1.8773225545883179,-1.7211172580718994,-1.564911961555481,-1.408706545829773,-1.2525012493133545,-1.096295952796936,-0.9400905966758728,-0.7838852405548096,-0.6276799440383911,-0.4714745879173279,-0.31526926159858704,-0.1590639054775238,-0.0028585779946297407],"_type":"histogram"},"reconstruction_quality":{"explained_variance":-0.13792167603969574,"mse":2.9306857585906982,"cossim":0.6552652716636658},"losses/mse_loss":10624,"model_performance_preservation":{"ce_loss_with_ablation":9.855915069580078,"ce_loss_with_sae":11.723615646362305,"ce_loss_without_sae":8.06134033203125,"ce_loss_score":-1.0407482829794426},"metrics/l0":100,"sparsity":{"l1":316,"l0":100},"_step":3999,"_timestamp":1.7428576416256037e+09,"_wandb":{"runtime":136},"losses/overall_loss":11392,"sparsity/mean_passes_since_fired":3010.822265625}