{"metrics/mean_log10_feature_sparsity":-5.040255069732666,"sparsity":{"l1":705.6336059570312,"l0":133.0392608642578},"losses/auxiliary_reconstruction_loss":374.02288818359375,"losses/overall_loss":622.086669921875,"_runtime":573.623129787,"weights/b_mag":{"bins":[-0.0012599307810887694,-0.0005832172464579344,9.34963027248159e-05,0.0007702098228037357,0.0014469233574345708,0.002123636892065406,0.0028003505431115627,0.003477063961327076,0.004153777379542589,0.00483049126341939,0.005507204681634903,0.006183918099850416,0.006860631518065929,0.00753734540194273,0.008214058354496956,0.008890772238373756,0.009567486122250557,0.010244199074804783,0.010920912958681583,0.011597626842558384,0.01227433979511261,0.01295105367898941,0.013627767562866211,0.014304480515420437,0.014981194399297237,0.015657907351851463,0.016334621235728264,0.017011335119605064,0.017688049003481865,0.018364761024713516,0.019041474908590317,0.019718188792467117,0.020394902676343918,0.02107161656022072,0.02174833044409752,0.02242504246532917,0.02310175634920597,0.02377847023308277,0.024455184116959572,0.025131898000836372,0.025808610022068024,0.026485323905944824,0.027162037789821625,0.027838751673698425,0.028515465557575226,0.029192179441452026,0.029868891462683678,0.030545605346560478,0.03122231923043728,0.03189903125166893,0.03257574513554573,0.03325245901942253,0.03392917290329933,0.03460588678717613,0.03528260067105293,0.03595931455492973,0.036636028438806534,0.037312742322683334,0.037989456206560135,0.03866616636514664,0.03934288024902344,0.04001959413290024,0.04069630801677704,0.04137302190065384,0.04204973578453064],"_type":"histogram","values":[9148,607,158,778,433,124,119,91,98,92,80,81,68,57,70,67,68,77,85,93,77,78,83,78,97,99,125,122,119,93,75,53,55,48,56,56,59,57,87,71,94,93,108,111,126,152,175,178,148,169,171,166,162,119,122,104,76,63,29,13,16,5,1,1]},"shrinkage":{"l2_norm_out":1.3896244764328003,"l2_ratio":0.028950288891792297,"relative_reconstruction_bias":0.03906496241688728,"l2_norm_in":44.48697280883789},"weights/b_gate":{"_type":"histogram","values":[1,1,5,6,3,7,15,13,11,8,13,12,16,14,19,16,27,35,34,36,39,42,44,48,39,53,55,64,68,56,86,79,85,76,82,85,96,75,83,87,90,92,125,129,137,134,150,139,142,151,167,178,206,318,370,8352,1354,218,393,892,836,130,44,3],"bins":[-0.0229417122900486,-0.022552764043211937,-0.022163817659020424,-0.02177486941218376,-0.0213859211653471,-0.020996974781155586,-0.020608026534318924,-0.02021907828748226,-0.01983013190329075,-0.019441183656454086,-0.019052235409617424,-0.01866328902542591,-0.01827434077858925,-0.017885394394397736,-0.017496446147561073,-0.01710749790072441,-0.016718551516532898,-0.016329603269696236,-0.015940655022859573,-0.015551707707345486,-0.015162760391831398,-0.01477381307631731,-0.014384864829480648,-0.01399591751396656,-0.013606970198452473,-0.01321802195161581,-0.012829074636101723,-0.012440127320587635,-0.012051180005073547,-0.011662231758236885,-0.011273284442722797,-0.01088433712720871,-0.010495388880372047,-0.01010644156485796,-0.009717494249343872,-0.00932854600250721,-0.008939598686993122,-0.008550651371479034,-0.008161704055964947,-0.007772756274789572,-0.007383808493614197,-0.006994860712438822,-0.006605913396924734,-0.006216965615749359,-0.0058280183002352715,-0.0054390705190598965,-0.0050501227378845215,-0.004661175422370434,-0.004272227641195059,-0.0038832800928503275,-0.003494332544505596,-0.003105384996160865,-0.00271643721498549,-0.0023274896666407585,-0.0019385421182960272,-0.0015495945699512959,-0.0011606469051912427,-0.0007716993568465114,-0.0003827517502941191,6.195852620294318e-06,0.00039514346281066537,0.0007840910693630576,0.001173038617707789,0.001561986282467842,0.0019509338308125734]},"details/current_learning_rate":1.0000000000000013e-07,"_step":7999,"losses/mse_loss":9.586554527282715,"losses/raw_l1_loss":238.4772491455078,"reconstruction_quality":{"explained_variance":0.03431279584765434,"mse":19.699066162109375,"cossim":0.8434858322143555},"sparsity/mean_passes_since_fired":734.8751831054688,"details/n_training_tokens":4085760,"token_stats":{"total_tokens_eval_reconstruction":5120,"total_tokens_eval_sparsity_variance":5120},"sparsity/below_1e-5":8135,"plots/feature_density_line_chart":{"_type":"histogram","values":[4466,0,0,0,0,0,0,0,0,0,0,0,0,0,0,0,0,0,0,0,0,0,0,0,0,0,0,0,0,2185,0,866,313,184,121,202,63,47,32,48,42,40,39,62,80,89,74,71,89,96,122,161,188,393,876,1168,2274,863,453,374,212,63,20,8],"bins":[-10,-9.855243682861328,-9.710487365722656,-9.565730094909668,-9.420973777770996,-9.276217460632324,-9.131461143493652,-8.98670482635498,-8.841947555541992,-8.69719123840332,-8.552434921264648,-8.407678604125977,-8.262922286987305,-8.118165016174316,-7.9734086990356445,-7.828652381896973,-7.683896064758301,-7.539139270782471,-7.394382953643799,-7.249626159667969,-7.104869842529297,-6.960113525390625,-6.815356731414795,-6.670600414276123,-6.525843620300293,-6.381087303161621,-6.236330986022949,-6.091574192047119,-5.946817874908447,-5.802061080932617,-5.657304763793945,-5.512548446655273,-5.367791652679443,-5.2230353355407715,-5.078278541564941,-4.9335222244262695,-4.788765907287598,-4.644009113311768,-4.499252796173096,-4.354496002197266,-4.209739685058594,-4.064983367919922,-3.920226573944092,-3.77547025680542,-3.630713701248169,-3.485957145690918,-3.341200590133667,-3.196444034576416,-3.051687717437744,-2.906931161880493,-2.762174606323242,-2.617418050765991,-2.4726614952087402,-2.3279051780700684,-2.1831486225128174,-2.0383920669555664,-1.8936355113983154,-1.748879075050354,-1.604122519493103,-1.4593660831451416,-1.3146095275878906,-1.1698529720306396,-1.0250965356826782,-0.8803399801254272,-0.735583484172821]},"metrics/explained_variance":0.738192617893219,"losses/l1_loss":47.69544982910156,"details/current_l1_coefficient":5,"sparsity/below_1e-6":4466,"metrics/l0":137.994140625,"sparsity/dead_features":4518,"_wandb":{"runtime":573},"metrics/explained_variance_std":0.1987953633069992,"_timestamp":1.7430395152830963e+09,"model_performance_preservation":{"ce_loss_with_ablation":8.44247817993164,"ce_loss_with_sae":2.524521589279175,"ce_loss_without_sae":2.4126815795898438,"ce_loss_score":0.9814521090673288}}