{"_step":149,"losses/overall_loss":2092.2548828125,"losses/mse_loss":50.086856842041016,"_timestamp":1.7431979732995136e+09,"metrics/l0":408.43359375,"_wandb":{"runtime":40},"details/n_training_tokens":76800,"details/current_l1_coefficient":5,"losses/l0_loss":2042.16796875,"sparsity/mean_passes_since_fired":1.0052490234375,"sparsity/dead_features":0,"details/current_learning_rate":9.925338058280256e-06,"metrics/explained_variance_std":0.11648399382829666,"_runtime":40.489143735,"metrics/explained_variance":0.08152054250240326}