{"sparsity":{"l0":148.31582641601562,"l1":862.7948608398438},"losses/mse_loss":9.235319137573242,"metrics/l0":175.046875,"details/n_training_tokens":4085760,"sparsity/below_1e-6":4101,"losses/raw_l1_loss":239.8524627685547,"shrinkage":{"l2_norm_in":45.55447006225586,"l2_norm_out":1.595664381980896,"l2_ratio":0.03242183476686478,"relative_reconstruction_bias":0.04139929637312889},"losses/l1_loss":47.97049255371094,"details/current_l1_coefficient":5,"metrics/explained_variance":0.7352139949798584,"_wandb":{"runtime":1069},"model_performance_preservation":{"ce_loss_with_sae":3.6556808948516846,"ce_loss_without_sae":3.448422908782959,"ce_loss_score":0.9586072957758256,"ce_loss_with_ablation":8.455536842346191},"plots/feature_density_line_chart":{"_type":"histogram","values":[4101,0,0,0,0,0,0,0,0,0,0,0,0,0,0,0,0,0,0,0,0,0,0,0,0,0,0,0,0,0,1,0,6,3,3,3,9,14,11,7,3,2,17,7,30,45,40,79,119,179,244,414,603,838,1031,1172,1816,1011,2344,1409,471,288,51,13],"bins":[-10,-9.8594388961792,-9.718878746032715,-9.578317642211914,-9.437756538391113,-9.297196388244629,-9.156635284423828,-9.016074180603027,-8.875513076782227,-8.734952926635742,-8.594391822814941,-8.45383071899414,-8.313270568847656,-8.172709465026855,-8.032148361206055,-7.891587734222412,-7.7510271072387695,-7.610466003417969,-7.469905376434326,-7.329344749450684,-7.188783645629883,-7.04822301864624,-6.9076619148254395,-6.767101287841797,-6.626540660858154,-6.4859795570373535,-6.345418930053711,-6.20485782623291,-6.064297199249268,-5.923736572265625,-5.783175468444824,-5.642614841461182,-5.502053737640381,-5.361493110656738,-5.220932483673096,-5.080371379852295,-4.939810752868652,-4.799249649047852,-4.658689022064209,-4.518128395080566,-4.377567291259766,-4.237006664276123,-4.096445560455322,-3.9558849334716797,-3.815324068069458,-3.6747632026672363,-3.5342025756835938,-3.393641710281372,-3.2530808448791504,-3.1125199794769287,-2.971959352493286,-2.8313984870910645,-2.6908376216888428,-2.550276756286621,-2.4097158908843994,-2.269155263900757,-2.128594398498535,-1.9880335330963135,-1.8474726676940918,-1.7069119215011597,-1.566351056098938,-1.4257903099060059,-1.2852294445037842,-1.144668698310852,-1.0041078329086304]},"metrics/mean_log10_feature_sparsity":-4.077362060546875,"_step":7999,"details/current_learning_rate":1.0000000000000013e-07,"token_stats":{"total_tokens_eval_reconstruction":5120,"total_tokens_eval_sparsity_variance":5120},"sparsity/dead_features":4101,"metrics/explained_variance_std":0.18356236815452576,"sparsity/below_1e-5":4117,"weights/b_gate":{"bins":[-0.022173862904310226,-0.021777372807264328,-0.02138088084757328,-0.020984390750527382,-0.020587900653481483,-0.020191410556435585,-0.019794918596744537,-0.01939842849969864,-0.01900193840265274,-0.018605448305606842,-0.018208956345915794,-0.017812466248869896,-0.017415976151823997,-0.01701948419213295,-0.01662299409508705,-0.016226503998041153,-0.015830013900995255,-0.015433522872626781,-0.015037031844258308,-0.01464054174721241,-0.014244050718843937,-0.013847559690475464,-0.013451069593429565,-0.013054578565061092,-0.012658088468015194,-0.012261597439646721,-0.011865107342600822,-0.01146861631423235,-0.011072126217186451,-0.010675635188817978,-0.010279144160449505,-0.009882654063403606,-0.009486163035035133,-0.009089672937989235,-0.008693181909620762,-0.008296691812574863,-0.00790020078420639,-0.007503710221499205,-0.007107219658792019,-0.006710729096084833,-0.006314238533377647,-0.005917747970670462,-0.005521257407963276,-0.00512476684525609,-0.004728276282548904,-0.004331785254180431,-0.003935294691473246,-0.00353880412876606,-0.003142313566058874,-0.0027458230033516884,-0.0023493324406445026,-0.001952841761521995,-0.0015563511988148093,-0.0011598605196923018,-0.000763369956985116,-0.0003668793651740998,2.9611255740746856e-05,0.0004261018766555935,0.0008225924684666097,0.0012190830893814564,0.0016155736520886421,0.002012064214795828,0.0024085550103336573,0.002805045573040843,0.0032015361357480288],"_type":"histogram","values":[2,0,5,1,5,6,10,11,16,17,24,26,32,37,49,54,57,66,56,77,67,79,88,86,74,87,98,88,82,98,120,113,105,131,141,161,154,178,184,222,223,265,290,313,387,418,480,573,613,722,825,856,904,4150,637,826,264,234,197,148,73,34,32,13]},"losses/overall_loss":593.4126586914062,"_runtime":1069.155514323,"weights/b_mag":{"values":[5552,533,121,121,124,124,100,110,101,107,143,179,195,206,164,133,138,103,105,120,126,105,142,135,157,143,153,143,160,151,198,188,176,180,189,183,186,196,217,182,181,201,220,225,224,227,241,286,237,260,279,298,282,257,213,221,196,158,162,105,76,29,11,6],"bins":[-0.0010741585865616798,-0.0004534886102192104,0.00016718139522708952,0.0007878514006733894,0.001408521318808198,0.00202919146977365,0.0026498613879084587,0.0032705313060432673,0.003891201224178076,0.004511871375143528,0.00513254152610898,0.005753211211413145,0.006373881362378597,0.0069945515133440495,0.007615221198648214,0.008235891349613667,0.008856561034917831,0.009477231651544571,0.010097901336848736,0.0107185710221529,0.01133924163877964,0.011959911324083805,0.01258058100938797,0.01320125162601471,0.013821921311318874,0.01444259099662304,0.015063261613249779,0.01568393036723137,0.01630460098385811,0.016925271600484848,0.01754594035446644,0.018166610971093178,0.018787281587719917,0.019407950341701508,0.020028620958328247,0.020649291574954987,0.021269960328936577,0.021890630945563316,0.022511301562190056,0.023131970316171646,0.023752640932798386,0.024373311549425125,0.024993980303406715,0.025614650920033455,0.026235321536660194,0.026855990290641785,0.027476660907268524,0.028097331523895264,0.028718000277876854,0.029338670894503593,0.029959341511130333,0.030580010265111923,0.031200680881738663,0.0318213514983654,0.03244202211499214,0.03306269273161888,0.03368335962295532,0.03430403023958206,0.0349247008562088,0.03554537147283554,0.03616604208946228,0.03678671270608902,0.03740737959742546,0.0380280502140522,0.03864872083067894],"_type":"histogram"},"sparsity/mean_passes_since_fired":1644.3624267578125,"reconstruction_quality":{"cossim":0.8843545913696289,"explained_variance":0.1311298906803131,"mse":23.100770950317383},"_timestamp":1.743047215071543e+09,"losses/auxiliary_reconstruction_loss":344.32489013671875}