{"plots/feature_density_line_chart":{"_type":"histogram","values":[4267,0,0,0,0,0,0,0,0,0,0,0,0,0,0,0,0,0,0,0,0,0,0,0,0,0,0,0,0,0,0,372,0,176,115,117,167,23,37,21,31,12,13,27,31,36,51,74,144,216,424,744,1123,1257,1213,1200,908,708,2574,189,50,34,16,14],"bins":[-10,-9.862053871154785,-9.724106788635254,-9.586160659790039,-9.448214530944824,-9.310267448425293,-9.172321319580078,-9.034374237060547,-8.896428108215332,-8.758481979370117,-8.620534896850586,-8.482588768005371,-8.344642639160156,-8.206695556640625,-8.06874942779541,-7.930802822113037,-7.792856216430664,-7.654910087585449,-7.516963481903076,-7.379016876220703,-7.241070747375488,-7.103124141693115,-6.965177536010742,-6.827230930328369,-6.689284801483154,-6.551338195800781,-6.413391590118408,-6.275444984436035,-6.13749885559082,-5.999552249908447,-5.861605644226074,-5.723659515380859,-5.585712909698486,-5.447766304016113,-5.30981969833374,-5.171873569488525,-5.033926963806152,-4.895980358123779,-4.7580342292785645,-4.620087623596191,-4.482141017913818,-4.344194412231445,-4.2062482833862305,-4.068301677703857,-3.9303550720214844,-3.7924087047576904,-3.6544623374938965,-3.5165157318115234,-3.3785693645477295,-3.2406227588653564,-3.1026763916015625,-2.9647297859191895,-2.8267834186553955,-2.6888368129730225,-2.5508904457092285,-2.4129440784454346,-2.2749974727630615,-2.1370511054992676,-1.9991044998168945,-1.861158013343811,-1.723211646080017,-1.5852651596069336,-1.44731867313385,-1.3093721866607666,-1.171425700187683]},"sparsity/mean_passes_since_fired":1715.916748046875,"losses/mse_loss":4.5490498542785645,"losses/raw_l1_loss":197.58705139160156,"weights/b_gate":{"_type":"histogram","values":[2,0,1,0,0,1,0,2,0,0,0,0,0,1,4,4,1,5,7,9,11,13,18,17,22,21,28,22,41,45,31,59,60,67,85,110,142,157,195,189,203,246,268,290,279,283,305,325,342,318,355,363,343,363,443,457,479,519,770,6175,570,671,327,320],"bins":[-0.06521543860435486,-0.0641419067978859,-0.06306838244199753,-0.061994850635528564,-0.0609213225543499,-0.059847790747880936,-0.05877426266670227,-0.057700734585523605,-0.05662720277905464,-0.05555367469787598,-0.05448014661669731,-0.05340661481022835,-0.05233308672904968,-0.05125955864787102,-0.050186026841402054,-0.04911249876022339,-0.048038970679044724,-0.04696543887257576,-0.045891910791397095,-0.04481838271021843,-0.043744850903749466,-0.0426713228225708,-0.041597794741392136,-0.04052426293492317,-0.03945073485374451,-0.03837720677256584,-0.03730367496609688,-0.03623014688491821,-0.03515661507844925,-0.034083086997270584,-0.03300955891609192,-0.031936027109622955,-0.03086249902844429,-0.029788970947265625,-0.02871544100344181,-0.027641911059617996,-0.02656838297843933,-0.025494853034615517,-0.024421323090791702,-0.023347793146967888,-0.022274265065789223,-0.02120073512196541,-0.020127205178141594,-0.01905367709696293,-0.017980147153139114,-0.0169066172093153,-0.015833089128136635,-0.01475955918431282,-0.01368603017181158,-0.012612500227987766,-0.011538971215486526,-0.010465442202985287,-0.009391912259161472,-0.008318383246660233,-0.0072448537684977055,-0.006171324290335178,-0.005097795277833939,-0.0040242657996714115,-0.002950736554339528,-0.001877207076177001,-0.0008036777726374567,0.0002698515891097486,0.001343380892649293,0.00241691037081182,0.0034904396161437035]},"_timestamp":1.7429312692773485e+09,"weights/b_mag":{"bins":[-0.004613981116563082,-0.0027500868309289217,-0.0008861927781254053,0.000977701391093433,0.002841595560312271,0.0047054896131157875,0.006569384131580591,0.00843327771872282,0.010297172702848911,0.012161066755652428,0.014024960808455944,0.01588885486125946,0.01775274984538555,0.019616642966866493,0.021480537950992584,0.023344431072473526,0.025208326056599617,0.02707221917808056,0.02893611416220665,0.03080000914633274,0.03266390413045883,0.034527797251939774,0.036391690373420715,0.03825558349490166,0.0401194803416729,0.04198337346315384,0.04384726658463478,0.04571116343140602,0.04757505655288696,0.049438949674367905,0.051302842795848846,0.05316673964262009,0.05503063276410103,0.05689452588558197,0.05875842273235321,0.06062231585383415,0.062486208975315094,0.06435010582208633,0.06621399521827698,0.06807789206504822,0.06994178891181946,0.0718056783080101,0.07366957515478134,0.07553347200155258,0.07739736139774323,0.07926125824451447,0.08112514764070511,0.08298904448747635,0.08485294133424759,0.08671683073043823,0.08858072757720947,0.09044462442398071,0.09230851382017136,0.0941724106669426,0.09603630751371384,0.09790019690990448,0.09976409375667572,0.10162799060344696,0.1034918799996376,0.10535577684640884,0.10721966624259949,0.10908356308937073,0.11094745993614197,0.11281134933233261,0.11467524617910385],"_type":"histogram","values":[13,40,6126,327,221,221,417,355,235,199,183,153,102,120,102,124,103,144,139,142,156,124,128,133,142,146,152,139,157,157,177,188,195,202,199,190,204,228,257,269,293,282,300,294,301,306,278,274,215,220,177,139,105,88,54,16,15,9,2,3,1,0,2,1]},"losses/l1_loss":39.51741027832031,"details/n_training_tokens":12288000,"metrics/explained_variance_std":0.12979131937026978,"model_performance_preservation":{"ce_loss_score":0.9980310614692378,"ce_loss_with_ablation":7.856663703918457,"ce_loss_with_sae":2.391155242919922,"ce_loss_without_sae":2.3803727626800537},"metrics/l0":49.103515625,"reconstruction_quality":{"explained_variance":0.01651516556739807,"mse":16.819297790527344,"cossim":0.9324571490287781},"metrics/explained_variance":0.8581455945968628,"details/current_l1_coefficient":5,"details/current_learning_rate":-9.473903143467665e-23,"_step":23999,"losses/auxiliary_reconstruction_loss":164.93203735351562,"_runtime":1758.558788404,"sparsity/dead_features":4267,"metrics/mean_log10_feature_sparsity":-4.571824550628662,"shrinkage":{"relative_reconstruction_bias":0.039697322994470596,"l2_norm_in":41.26973342895508,"l2_norm_out":1.5135583877563477,"l2_ratio":0.03585857152938843},"sparsity/below_1e-5":5160,"token_stats":{"total_tokens_eval_reconstruction":5120,"total_tokens_eval_sparsity_variance":5120},"losses/overall_loss":367.0681457519531,"sparsity/below_1e-6":4267,"sparsity":{"l0":57.33378982543945,"l1":491.85992431640625},"_wandb":{"runtime":1758}}