{"details/n_training_tokens":1228800,"sparsity":{"l0":4678.248046875,"l1":3463.76416015625},"_step":2399,"sparsity/dead_features":1,"_wandb":{"runtime":310},"sparsity/below_1e-5":29,"_runtime":310.880492816,"sparsity/mean_passes_since_fired":35.06427001953125,"token_stats":{"total_tokens_eval_reconstruction":5120,"total_tokens_eval_sparsity_variance":5120},"metrics/l0":4667.21875,"details/current_learning_rate":-5.921189464667469e-23,"metrics/explained_variance_std":0.17745588719844818,"losses/l0_loss":23336.09375,"plots/feature_density_line_chart":{"values":[2,0,3,9,15,40,47,184,276,347,821,615,916,735,756,539,475,394,281,247,195,170,119,124,69,63,47,93,39,23,31,18,21,35,24,15,22,42,73,205,518,2044,192,200,78,84,45,47,43,52,36,52,60,52,56,53,68,61,86,91,106,131,263,3836],"bins":[-5.408229351043701,-5.323725700378418,-5.239222049713135,-5.154718399047852,-5.070215225219727,-4.985711574554443,-4.90120792388916,-4.816704273223877,-4.732200622558594,-4.6476969718933105,-4.563193321228027,-4.478690147399902,-4.394186496734619,-4.309682846069336,-4.225179195404053,-4.1406755447387695,-4.056171894073486,-3.9716684818267822,-3.887164831161499,-3.802661180496216,-3.7181577682495117,-3.6336541175842285,-3.5491504669189453,-3.464646816253662,-3.380143404006958,-3.295639753341675,-3.2111361026763916,-3.1266326904296875,-3.0421290397644043,-2.957625389099121,-2.873121738433838,-2.788618326187134,-2.7041146755218506,-2.6196110248565674,-2.5351076126098633,-2.45060396194458,-2.366100311279297,-2.2815966606140137,-2.1970932483673096,-2.1125895977020264,-2.028085947036743,-1.9435824155807495,-1.8590788841247559,-1.7745752334594727,-1.690071702003479,-1.6055680513381958,-1.5210645198822021,-1.436560869216919,-1.3520573377609253,-1.2675538063049316,-1.1830501556396484,-1.0985466241836548,-1.0140429735183716,-0.9295394420623779,-0.8450358510017395,-0.7605322599411011,-0.6760286688804626,-0.5915250778198242,-0.5070214867591858,-0.42251792550086975,-0.3380143344402313,-0.2535107433795929,-0.16900716722011566,-0.08450358361005783,0],"_type":"histogram"},"sparsity/below_1e-6":0,"details/current_l1_coefficient":5,"losses/overall_loss":23344.869140625,"reconstruction_quality":{"explained_variance":0.03614037483930588,"mse":23.75376319885254,"cossim":0.8555507659912109},"metrics/mean_log10_feature_sparsity":-2.4282121658325195,"losses/mse_loss":8.775254249572754,"shrinkage":{"l2_ratio":0.029432082548737526,"relative_reconstruction_bias":0.036090120673179626,"l2_norm_in":47.9381103515625,"l2_norm_out":1.4688338041305542},"model_performance_preservation":{"ce_loss_with_sae":2.54237699508667,"ce_loss_without_sae":2.431500196456909,"ce_loss_score":0.9814668595442838,"ce_loss_with_ablation":8.41412353515625},"_timestamp":1.743198383402742e+09,"metrics/explained_variance":0.7612550258636475}