pair_index,interpretability_score,responsible_neuron,ground_truth_subject
0,3.435792,146,temperature
1,4.792801,30,love
2,7.450314,146,pressure
3,6.123546,146,volume
4,5.209095,146,entropy
5,4.050895,146,size
6,6.610586,691,mass
7,4.204411,195,density
8,6.567183,2023,darkness
9,4.100624,1076,brightness
10,5.561286,195,empathy
11,3.161817,1255,sadness
