pair_index,interpretability_score,responsible_neuron,ground_truth_subject
0,18.754771,2023,temperature
1,10.357703,2023,love
2,6.635747,146,pressure
3,5.819751,2023,volume
4,5.016354,2023,entropy
5,3.294227,146,size
6,4.818872,691,mass
7,22.683502,2023,density
8,9.400117,2023,darkness
9,5.368683,2023,brightness
10,10.095717,2023,empathy
11,2.347621,2023,sadness
