{"_timestamp":1.7431978093635762e+09,"metrics/explained_variance_std":0.10241252928972244,"losses/mse_loss":44.5064697265625,"losses/l0_loss":1950.126953125,"sparsity/dead_features":0,"metrics/explained_variance":0.024974437430500984,"losses/overall_loss":1994.6334228515625,"metrics/l0":390.025390625,"_runtime":40.42680593,"_step":149,"details/n_training_tokens":76800,"details/current_l1_coefficient":5,"details/current_learning_rate":9.925338058280256e-06,"sparsity/mean_passes_since_fired":0.51043701171875,"_wandb":{"runtime":40}}