{"_runtime":182.572100242,"sparsity/mean_passes_since_fired":12.3807373046875,"details/n_training_tokens":76800,"_wandb":{"runtime":182},"losses/mse_loss":16.474308013916016,"details/current_learning_rate":9.996303255908018e-06,"_step":149,"sparsity/dead_features":0,"details/current_l1_coefficient":5,"losses/overall_loss":16.474308013916016,"_timestamp":1.7428683231285198e+09,"metrics/explained_variance_std":0.22189880907535553,"metrics/explained_variance":0.6068054437637329,"metrics/l0":8114.27734375}