{"metrics/explained_variance_std":0.29286646842956543,"_timestamp":1.7430345882858837e+09,"_wandb":{"runtime":10},"sparsity/dead_features":0,"details/current_l1_coefficient":5,"metrics/l0":925.44140625,"_step":59,"details/current_learning_rate":2.131701633230045e-06,"losses/l0_loss":4627.20703125,"losses/overall_loss":4629.8154296875,"metrics/explained_variance":0.09446124732494354,"losses/mse_loss":2.608254909515381,"sparsity/mean_passes_since_fired":0,"_runtime":10.799376369,"details/n_training_tokens":30720}