{"shrinkage":{"relative_reconstruction_bias":0.03904332220554352,"l2_norm_in":45.298702239990234,"l2_norm_out":1.5474988222122192,"l2_ratio":0.03258616849780083},"plots/feature_density_line_chart":{"values":[1,1,2,13,22,53,73,175,247,547,549,569,569,491,363,350,318,341,354,376,396,356,318,278,229,157,94,80,77,67,59,70,59,42,76,68,80,350,122,106,2921,374,243,161,138,130,116,106,81,114,83,115,96,85,68,79,59,63,58,69,70,86,124,2447],"bins":[-5.107204437255859,-5.027405738830566,-4.947607517242432,-4.867808818817139,-4.788010597229004,-4.708211898803711,-4.628413677215576,-4.548614978790283,-4.46881628036499,-4.3890180587768555,-4.3092193603515625,-4.229421138763428,-4.149622440338135,-4.06982421875,-3.990025520324707,-3.910227060317993,-3.8304286003112793,-3.7506301403045654,-3.6708316802978516,-3.5910329818725586,-3.5112345218658447,-3.431436061859131,-3.351637601852417,-3.271839141845703,-3.1920406818389893,-3.1122422218322754,-3.0324435234069824,-2.9526450634002686,-2.8728466033935547,-2.793048143386841,-2.713249683380127,-2.633451223373413,-2.553652763366699,-2.4738543033599854,-2.3940556049346924,-2.3142571449279785,-2.2344586849212646,-2.154660224914551,-2.074861764907837,-1.9950631856918335,-1.9152647256851196,-1.8354662656784058,-1.755667805671692,-1.6758692264556885,-1.5960707664489746,-1.5162723064422607,-1.4364738464355469,-1.3566752672195435,-1.2768768072128296,-1.1970783472061157,-1.1172798871994019,-1.0374813079833984,-0.9576828479766846,-0.8778843283653259,-0.7980858683586121,-0.7182873487472534,-0.6384888887405396,-0.5586903691291809,-0.47889187932014465,-0.3990933895111084,-0.31929489970207214,-0.23949642479419708,-0.15969792008399963,-0.07989943027496338,-0.0001009411207633093],"_type":"histogram"},"token_stats":{"total_tokens_eval_reconstruction":5120,"total_tokens_eval_sparsity_variance":5120},"_runtime":296.118156488,"details/current_learning_rate":1.0000000000000013e-07,"sparsity":{"l1":2404.113037109375,"l0":3031.24169921875},"details/n_training_tokens":4085760,"metrics/mean_log10_feature_sparsity":-2.4050252437591553,"losses/mse_loss":0.2928922176361084,"model_performance_preservation":{"ce_loss_with_ablation":8.337739944458008,"ce_loss_with_sae":2.212841749191284,"ce_loss_without_sae":2.098129987716675,"ce_loss_score":0.9816155557366733},"sparsity/below_1e-5":2,"sparsity/below_1e-6":0,"_step":7999,"losses/overall_loss":14273.69140625,"_timestamp":1.743037383764006e+09,"losses/l0_loss":14273.3984375,"metrics/explained_variance":0.7842826843261719,"sparsity/dead_features":0,"reconstruction_quality":{"explained_variance":0.05816371366381645,"mse":21.087133407592773,"cossim":0.8955299258232117},"details/current_l1_coefficient":5,"metrics/explained_variance_std":0.1814877837896347,"sparsity/mean_passes_since_fired":14.033447265625,"metrics/l0":2854.6796875,"_wandb":{"runtime":296}}