{"metrics/explained_variance":0.8349088430404663,"details/n_training_tokens":4085760,"metrics/mean_log10_feature_sparsity":-2.3783223628997803,"sparsity/below_1e-6":0,"_step":7999,"losses/l0_loss":14535.185546875,"losses/mse_loss":0.25034835934638977,"sparsity/below_1e-5":3,"model_performance_preservation":{"ce_loss_with_sae":2.213397979736328,"ce_loss_without_sae":2.098129987716675,"ce_loss_score":0.9815264106540639,"ce_loss_with_ablation":8.337739944458008},"_timestamp":1.743035742797244e+09,"sparsity/mean_passes_since_fired":15.1199951171875,"token_stats":{"total_tokens_eval_sparsity_variance":5120,"total_tokens_eval_reconstruction":5120},"shrinkage":{"l2_norm_out":1.546456217765808,"l2_ratio":0.03303849697113037,"relative_reconstruction_bias":0.039616186171770096,"l2_norm_in":44.64028549194336},"metrics/l0":2907.037109375,"details/current_learning_rate":1.0000000000000013e-07,"sparsity":{"l0":3061.934814453125,"l1":2356.17822265625},"losses/overall_loss":14535.435546875,"metrics/explained_variance_std":0.15079686045646667,"sparsity/dead_features":0,"reconstruction_quality":{"cossim":0.894992470741272,"explained_variance":0.05892563983798027,"mse":20.45493507385254},"_wandb":{"runtime":295},"details/current_l1_coefficient":5,"_runtime":295.267567126,"plots/feature_density_line_chart":{"values":[1,0,0,0,2,1,4,9,29,47,137,273,458,489,718,547,498,368,327,325,363,399,394,459,387,365,246,180,126,99,72,62,62,60,68,67,82,78,62,413,110,2760,445,365,185,139,145,117,110,119,97,97,103,76,99,77,77,80,64,64,94,103,119,2462],"bins":[-5.408229351043701,-5.323749542236328,-5.239269733428955,-5.15479040145874,-5.070310592651367,-4.985830783843994,-4.901350975036621,-4.816871166229248,-4.732391834259033,-4.64791202545166,-4.563432216644287,-4.478952407836914,-4.394472599029541,-4.309993267059326,-4.225513458251953,-4.14103364944458,-4.056553840637207,-3.972074270248413,-3.88759446144104,-3.803114891052246,-3.718635082244873,-3.634155511856079,-3.549675703048706,-3.465195894241333,-3.380716323852539,-3.296236515045166,-3.211756944656372,-3.127277135848999,-3.042797327041626,-2.958317756652832,-2.873837947845459,-2.789358377456665,-2.704878568649292,-2.620398759841919,-2.535919189453125,-2.451439380645752,-2.366959810256958,-2.282480001449585,-2.198000192642212,-2.113520622253418,-2.029040813446045,-1.9445611238479614,-1.860081434249878,-1.7756017446517944,-1.691122055053711,-1.6066423654556274,-1.5221625566482544,-1.437682867050171,-1.3532031774520874,-1.268723487854004,-1.1842437982559204,-1.0997639894485474,-1.0152842998504639,-0.9308046102523804,-0.8463249206542969,-0.7618451714515686,-0.6773654818534851,-0.5928857922554016,-0.5084060430526733,-0.42392635345458984,-0.33944663405418396,-0.2549669146537781,-0.1704872101545334,-0.0860074907541275,-0.001527781947515905],"_type":"histogram"}}