{"details/n_training_tokens":12288000,"metrics/explained_variance":0.9934595823287964,"details/current_learning_rate":-9.473903143467665e-23,"metrics/mean_log10_feature_sparsity":-1.73533034324646,"losses/mse_loss":0.2298407405614853,"metrics/l0":10740.220703125,"sparsity/dead_features":2106,"_wandb":{"runtime":1356},"sparsity/below_1e-5":2492,"details/current_l1_coefficient":5,"sparsity/below_1e-6":2107,"shrinkage":{"l2_ratio":0.037934012711048126,"relative_reconstruction_bias":0.03816721960902214,"l2_norm_in":43.03788375854492,"l2_norm_out":1.6341551542282104},"losses/l0_loss":53701.1015625,"_runtime":1356.960648372,"sparsity":{"l0":10748.2353515625,"l1":10272.7353515625},"_step":23999,"token_stats":{"total_tokens_eval_sparsity_variance":5120,"total_tokens_eval_reconstruction":5120},"reconstruction_quality":{"cossim":0.9970442056655884,"explained_variance":0.024953199550509453,"mse":18.326507568359375},"plots/feature_density_line_chart":{"bins":[-10,-9.84375,-9.6875,-9.53125,-9.375,-9.21875,-9.0625,-8.90625,-8.75,-8.59375,-8.4375,-8.28125,-8.125,-7.96875,-7.8125,-7.65625,-7.5,-7.34375,-7.1875,-7.03125,-6.875,-6.71875,-6.5625,-6.40625,-6.25,-6.09375,-5.9375,-5.78125,-5.625,-5.46875,-5.3125,-5.15625,-5,-4.84375,-4.6875,-4.53125,-4.375,-4.21875,-4.0625,-3.90625,-3.75,-3.59375,-3.4375,-3.28125,-3.125,-2.96875,-2.8125,-2.65625,-2.5,-2.34375,-2.1875,-2.03125,-1.875,-1.71875,-1.5625,-1.40625,-1.25,-1.09375,-0.9375,-0.78125,-0.625,-0.46875,-0.3125,-0.15625,0],"_type":"histogram","values":[2107,0,0,0,0,0,0,0,0,0,0,0,0,0,0,0,0,0,0,0,0,0,0,0,0,0,0,185,0,62,48,90,16,8,9,2,0,0,3,3,1,5,2,2,2,1,1,3,1,4,130,1912,123,65,46,50,72,93,115,120,128,166,239,10570]},"metrics/explained_variance_std":0.008832859806716442,"model_performance_preservation":{"ce_loss_score":0.9999495847248508,"ce_loss_with_ablation":7.856663703918457,"ce_loss_with_sae":2.3806488513946533,"ce_loss_without_sae":2.3803727626800537},"sparsity/mean_passes_since_fired":769.5277099609375,"_timestamp":1.7429327536326003e+09,"losses/overall_loss":53701.33203125}